key,url,modified_at,content_type,byte_count,sha256
card-counters/animal.svg,https://r2.videreproject.com/card-counters/animal.svg,2026-08-11T06:08:02.613Z,image/svg+xml,3592,09133b8d9ae3242108ddc2930df1a92cfe7ba01f76e74ec2beb8c1360e867013
card-counters/assassin.svg,https://r2.videreproject.com/card-counters/assassin.svg,2026-08-11T06:08:03.015Z,image/svg+xml,5988,342895937af9023dd48a79c955d4336409af4a8e5e24121982f472ac6d983106
card-counters/blaze.svg,https://r2.videreproject.com/card-counters/blaze.svg,2026-08-11T06:08:03.446Z,image/svg+xml,1981,8834041a73cd7ffab678562fc7afc49cc172b37542eb91019b2f9a0e8a7609bb
card-counters/brick.svg,https://r2.videreproject.com/card-counters/brick.svg,2026-08-11T06:08:04.021Z,image/svg+xml,852,1f0a44a96b48536d80358e91bc6fc42227abeed1217205c4b66745f6483e1545
card-counters/buff.svg,https://r2.videreproject.com/card-counters/buff.svg,2026-08-11T06:08:04.436Z,image/svg+xml,1240,f07d3701297e9b8fd38aa72c86552bc5e2b65070afb4390752c07a13a8b59fd5
card-counters/charge.svg,https://r2.videreproject.com/card-counters/charge.svg,2026-08-11T06:08:04.780Z,image/svg+xml,2426,939b2ec544a242feb1a97342917784b960f129e964b5b3640a75a0fb3992634e
card-counters/dark-divinity.svg,https://r2.videreproject.com/card-counters/dark-divinity.svg,2026-08-11T06:08:05.179Z,image/svg+xml,1806,01ce8d120d04c6b8032c8a08b0f8607f31713b06dbb04d2b2b852c70c63e9e69
card-counters/death.svg,https://r2.videreproject.com/card-counters/death.svg,2026-08-11T06:08:05.760Z,image/svg+xml,2332,ce03b53dd691cfdc941d3d2a1739739416c483c57716b39d681f3877d15e3f8b
card-counters/deathtouch.svg,https://r2.videreproject.com/card-counters/deathtouch.svg,2026-08-11T06:08:06.172Z,image/svg+xml,4995,b005651dd7f8a74eed13fbf720ea4ce46c5af459eec222d5794a6d738a102719
card-counters/debuff.svg,https://r2.videreproject.com/card-counters/debuff.svg,2026-08-11T06:08:06.510Z,image/svg+xml,1285,894e7262d220ac88e607765a637fdff4d47b071da79e14f417af805a36806494
card-counters/decayed.svg,https://r2.videreproject.com/card-counters/decayed.svg,2026-08-11T06:08:07.015Z,image/svg+xml,2118,5f552b3e98a5354c32aaf9cbbe54788b00d0c6502b55b4ca12410f687e673eb5
card-counters/defense.svg,https://r2.videreproject.com/card-counters/defense.svg,2026-08-11T06:08:07.406Z,image/svg+xml,997,9aa9c9bb3ed51c875fe2a536b3039af9b6afcfe6f8632cf993261d17cc8e3863
card-counters/divinity.svg,https://r2.videreproject.com/card-counters/divinity.svg,2026-08-11T06:08:07.833Z,image/svg+xml,2002,f8ee9804b5fcca26ec61f983c3ef8aaaa02ecc9fa5792920a05a4a9342e7bbd7
card-counters/double-strike.svg,https://r2.videreproject.com/card-counters/double-strike.svg,2026-08-11T06:08:08.241Z,image/svg+xml,2003,2610fa1ed9b8b924e165e7930afc56df31b6c9d59ecee6a7f9da9581c427b33c
card-counters/exalted.svg,https://r2.videreproject.com/card-counters/exalted.svg,2026-08-11T06:08:08.662Z,image/svg+xml,3124,0623093ff1461e85752c39a2d862970b3d851028b5e67de3aff6a104bd9a9963
card-counters/film.svg,https://r2.videreproject.com/card-counters/film.svg,2026-08-11T06:08:09.036Z,image/svg+xml,2415,27f5b3a08d31f0a349ce549324dc72aca2452b30078a55fef1f7c2f2cf111350
card-counters/finality.svg,https://r2.videreproject.com/card-counters/finality.svg,2026-08-11T06:08:09.514Z,image/svg+xml,4097,6b97d845e5caad10e4a1e4cae2369a22166163b44711892cbcfeb87e8451ad90
card-counters/first-strike.svg,https://r2.videreproject.com/card-counters/first-strike.svg,2026-08-11T06:08:09.929Z,image/svg+xml,1655,3be2cb0eaeafb2ed2642bd4052eccefad407b78e73ab8f979388eaeec94cea7d
card-counters/flood.svg,https://r2.videreproject.com/card-counters/flood.svg,2026-08-11T06:08:10.379Z,image/svg+xml,1723,4c7551fb40e11d3f6169e6576dff3f7f33cba43a62b5974768ac91ad79a76f8e
card-counters/flying.svg,https://r2.videreproject.com/card-counters/flying.svg,2026-08-11T06:08:10.794Z,image/svg+xml,1696,53f9b781d3c54ebdb38f67c4cffb1bd74419326f7e6863f899dd42db5c100a17
card-counters/gore.svg,https://r2.videreproject.com/card-counters/gore.svg,2026-08-11T06:08:11.139Z,image/svg+xml,8087,9b319db8d08a5cafcce28aa3eaa5b97261c5003dcacd986e382ed54ab270fd3d
card-counters/growth.svg,https://r2.videreproject.com/card-counters/growth.svg,2026-08-11T06:08:11.516Z,image/svg+xml,3122,e80fa86eec9f347d9f0f6f6b6bd60b922b8d37010387860cc6045acdbbedfd2a
card-counters/haste.svg,https://r2.videreproject.com/card-counters/haste.svg,2026-08-11T06:08:11.873Z,image/svg+xml,1091,f676b0b21491b114d2608b3a05ead65c64a1c80999dca9344c4af0ec17e9e061
card-counters/hexproof.svg,https://r2.videreproject.com/card-counters/hexproof.svg,2026-08-11T06:08:12.246Z,image/svg+xml,1637,ea90e9ab186d3988f4ebfdc1e636c8fd1202199ab319e5dc8d3b55237bd56eb4
card-counters/hone.svg,https://r2.videreproject.com/card-counters/hone.svg,2026-08-11T06:08:12.712Z,image/svg+xml,3850,910730456024e39e5a5fc729d65a79359356c8eedb30e9af97832755e641bd63
card-counters/indestructible.svg,https://r2.videreproject.com/card-counters/indestructible.svg,2026-08-11T06:08:13.067Z,image/svg+xml,1420,8bfa4362f91710da33beeb4487dbc052e702c5a79c50b1294266bb4576049a9a
card-counters/ki-energy.svg,https://r2.videreproject.com/card-counters/ki-energy.svg,2026-08-11T06:08:13.488Z,image/svg+xml,6976,10aef54a1dc2e7e448e50824c3bc15abf01d08870a029d89c03ff8ee2b4840d4
card-counters/ki-human.svg,https://r2.videreproject.com/card-counters/ki-human.svg,2026-08-11T06:08:13.930Z,image/svg+xml,10089,650ceee2ff513a3fb3424353d60deb812294a3cf5d8e6eddada60b0f88f992cf
card-counters/lifelink.svg,https://r2.videreproject.com/card-counters/lifelink.svg,2026-08-11T06:08:14.294Z,image/svg+xml,2079,6386d495717238fe54a23f6575c0905a59508444228f5b5c3767237a6cf50326
card-counters/line-up.svg,https://r2.videreproject.com/card-counters/line-up.svg,2026-08-11T06:08:14.654Z,image/svg+xml,219,0538ed99aa04048ef27e7b3ff4f207ed19319608621dfbf253ad2053db746a95
card-counters/lore.svg,https://r2.videreproject.com/card-counters/lore.svg,2026-08-11T06:08:14.996Z,image/svg+xml,1255,ed7cb412954d01200321692d731341dcca42d2f7560d1f7c6d99347ea5ad441c
card-counters/loyalty.svg,https://r2.videreproject.com/card-counters/loyalty.svg,2026-08-11T06:08:15.400Z,image/svg+xml,1269,4a81e2d1f755a9dfe3f0922f8993f5f78e1296e7b9761cd55e096028721955c2
card-counters/melee.svg,https://r2.videreproject.com/card-counters/melee.svg,2026-08-11T06:08:15.765Z,image/svg+xml,5000,b83e34e4ba6479936a7d48d2b8bc6279a9fe2bd1530c43e91d467b3c539c086c
card-counters/menace.svg,https://r2.videreproject.com/card-counters/menace.svg,2026-08-11T06:08:16.314Z,image/svg+xml,1621,6c1691378e84d74d778df5360192ca78318ec3184c759fe2223370909813e5c9
card-counters/mine.svg,https://r2.videreproject.com/card-counters/mine.svg,2026-08-11T06:08:16.681Z,image/svg+xml,1240,1f6b524c57eea52e25060399b6d223dcf09da34fc5058d8afb36a37eac971349
card-counters/minus-one.svg,https://r2.videreproject.com/card-counters/minus-one.svg,2026-08-11T06:08:17.016Z,image/svg+xml,659,803369618b9b4612269fde536947cdd78bc05434b5dba1e341d4facf3dc2534c
card-counters/music.svg,https://r2.videreproject.com/card-counters/music.svg,2026-08-11T06:08:17.476Z,image/svg+xml,4417,db844216cd132fb7a1a87654a22b26293a41c6da9a779f21680087acb011931c
card-counters/page.svg,https://r2.videreproject.com/card-counters/page.svg,2026-08-11T06:08:17.879Z,image/svg+xml,2648,0265a052040dfdc6f9a2dd78b49bf741c0aec2b6c18692fb2e6f5e20692d8149
card-counters/pain.svg,https://r2.videreproject.com/card-counters/pain.svg,2026-08-11T06:08:18.278Z,image/svg+xml,1814,311b28399ef24fe4d1828fdb1b0b836ff7a127cd7a1ae1a555d5383f1c88b612
card-counters/plus-one.svg,https://r2.videreproject.com/card-counters/plus-one.svg,2026-08-11T06:08:18.618Z,image/svg+xml,584,cfabda6e7b7ecfbeb58f15789c77e1ba9a3cb7763e1d9446181d9684ab68ae8c
card-counters/ranged.svg,https://r2.videreproject.com/card-counters/ranged.svg,2026-08-11T06:08:19.000Z,image/svg+xml,1253,287629eb927b5209689d8d48cfcdae68840e77fdda4a62d5c074a2c307b40234
card-counters/reach.svg,https://r2.videreproject.com/card-counters/reach.svg,2026-08-11T06:08:19.353Z,image/svg+xml,2717,00e42d9608146abc8865589596d0cf47e90558d82060e98cd4a94dc33e4ab0aa
card-counters/shield-counter.svg,https://r2.videreproject.com/card-counters/shield-counter.svg,2026-08-11T06:08:19.747Z,image/svg+xml,8006,7b2860e09ea1caef204c4ecf57ff775d285022c9a5ecb42215d4e3f3402e3084
card-counters/shield.svg,https://r2.videreproject.com/card-counters/shield.svg,2026-08-11T06:08:20.090Z,image/svg+xml,1044,bc55a351dbedc4b6831eaa8aa2213895449b6c9a1de31083f38ae6a411dee656
card-counters/slime.svg,https://r2.videreproject.com/card-counters/slime.svg,2026-08-11T06:08:20.441Z,image/svg+xml,2304,6a351f8cccc94150f4bf0c5ab1a537b94f6e392283e3e8423be239e1b4c4cd28
card-counters/stun.svg,https://r2.videreproject.com/card-counters/stun.svg,2026-08-11T06:08:21.330Z,image/svg+xml,2479,1776a88ed34f1de22f6eaedb0f5f5078ac15b64e73295f06db4c9c26d12965ed
card-counters/time.svg,https://r2.videreproject.com/card-counters/time.svg,2026-08-11T06:08:21.705Z,image/svg+xml,1884,a9afa802312a60d3141688a1125c4d87553b1757641af5566298fcdfcae95eb9
card-counters/trample.svg,https://r2.videreproject.com/card-counters/trample.svg,2026-08-11T06:08:22.072Z,image/svg+xml,3822,ff71dfa0212f915d97d97400974f4182274099df1bd78d78f5826335e36b2321
card-counters/treasure.svg,https://r2.videreproject.com/card-counters/treasure.svg,2026-08-11T06:08:22.442Z,image/svg+xml,6932,3311ce30b5ee98e29eb57101f672ef824346c3fcb06c8e876a4cf08f8ded689e
card-counters/vigilance.svg,https://r2.videreproject.com/card-counters/vigilance.svg,2026-08-11T06:08:22.820Z,image/svg+xml,2873,1dea92187163ae1e7a8bacb454b50de8149c80381c9a4f04beb743199fa0f6c1
card-counters/wind.svg,https://r2.videreproject.com/card-counters/wind.svg,2026-08-11T06:08:23.266Z,image/svg+xml,1702,d4293dc79d9db90698e68119767f1c1da2071c91dcdad96cc048e257802be1f7
mana-symbols/0.svg,https://r2.videreproject.com/mana-symbols/0.svg,2026-08-11T06:08:23.881Z,image/svg+xml,2118,faa9ee2f8bbb9f6e5c200c0de3be415f117dea61796c36c32238f63d4640a6f2
mana-symbols/1.svg,https://r2.videreproject.com/mana-symbols/1.svg,2026-08-11T06:08:24.577Z,image/svg+xml,1200,379e0461648a0db7436e7d3ec8158b304f2513c5d9ca0ad123b0343be61a9a8c
mana-symbols/10.svg,https://r2.videreproject.com/mana-symbols/10.svg,2026-08-11T06:08:25.139Z,image/svg+xml,2752,3f51f3232f652494f11f3946f48a040e57788b67f02acedfb62aa9eeeabc2b49
mana-symbols/11.svg,https://r2.videreproject.com/mana-symbols/11.svg,2026-08-11T06:08:26.030Z,image/svg+xml,1691,dbfa3cf0904481bf1448a41097e7570279c4f9cbce3ec1d34ff1a9416dc648c8
mana-symbols/12.svg,https://r2.videreproject.com/mana-symbols/12.svg,2026-08-11T06:08:26.678Z,image/svg+xml,2964,aa273bdf216f949a34ef7512a5408c7d4deaf28569a5a4bdeca0509b8afc3acd
mana-symbols/13.svg,https://r2.videreproject.com/mana-symbols/13.svg,2026-08-11T06:08:27.279Z,image/svg+xml,3290,fe3d179f1d30047d4cca044f89fc520f3e3320a755df327e23962d21a79709df
mana-symbols/14.svg,https://r2.videreproject.com/mana-symbols/14.svg,2026-08-11T06:08:27.884Z,image/svg+xml,1783,225e071cce18d4af3b8dce9e68273e65b1d7d1c0f7fbadc384dec36c03d86aca
mana-symbols/15.svg,https://r2.videreproject.com/mana-symbols/15.svg,2026-08-11T06:08:28.461Z,image/svg+xml,2638,0a29cdad03bf3516865f1d7e904e2549baf0f4969d62c18a9955458369b76413
mana-symbols/16.svg,https://r2.videreproject.com/mana-symbols/16.svg,2026-08-11T06:08:29.119Z,image/svg+xml,3204,f929fe172a4eced643d1ea0040c1f8af34db76270ce451284c8686d0c97c7782
mana-symbols/17.svg,https://r2.videreproject.com/mana-symbols/17.svg,2026-08-11T06:08:29.710Z,image/svg+xml,2023,35843f600cd55c3286cba3deb790d58bbd9798847c8c0c2b8b2e65846d673926
mana-symbols/18.svg,https://r2.videreproject.com/mana-symbols/18.svg,2026-08-11T06:08:30.330Z,image/svg+xml,3468,b0317c7325ecb0ea1871f2e46b1f6177a187a0e1eb4c0babdd184cf714f01a02
mana-symbols/19.svg,https://r2.videreproject.com/mana-symbols/19.svg,2026-08-11T06:08:30.927Z,image/svg+xml,3155,45c19477c4d4bd021b7c90998a1b26e610b4d3648073248bbae66668bf581c40
mana-symbols/2.svg,https://r2.videreproject.com/mana-symbols/2.svg,2026-08-11T06:08:31.598Z,image/svg+xml,2365,473ffdb2e67a8311dfd91b05560ee29e1d66526c3170c7016232780a0b963209
mana-symbols/20.svg,https://r2.videreproject.com/mana-symbols/20.svg,2026-08-11T06:08:32.168Z,image/svg+xml,3900,fe40df4eb2182b51af832b46ac7956a710982d28c4b35186b69b51574e4e8316
mana-symbols/2B.svg,https://r2.videreproject.com/mana-symbols/2B.svg,2026-08-11T06:08:32.782Z,image/svg+xml,3998,3ac741c24aa4b15880cca2178750160fca73302ccf83d516630dead8b5e5a605
mana-symbols/2G.svg,https://r2.videreproject.com/mana-symbols/2G.svg,2026-08-11T06:08:33.426Z,image/svg+xml,4229,3b7d93aa6c08029a244e67a010b0ab11720e718f21f7aba7a296751ec75a3861
mana-symbols/2R.svg,https://r2.videreproject.com/mana-symbols/2R.svg,2026-08-11T06:08:34.058Z,image/svg+xml,3495,55d788378da6fec295856aff3e044408a31a5af5bd477524576a31b318c11b30
mana-symbols/2U.svg,https://r2.videreproject.com/mana-symbols/2U.svg,2026-08-11T06:08:34.668Z,image/svg+xml,1828,9b858241eca9a9dcf3aaed3650db062f903bd0fd67b5e58d7fb2e2abe35a5864
mana-symbols/2W.svg,https://r2.videreproject.com/mana-symbols/2W.svg,2026-08-11T06:08:35.344Z,image/svg+xml,4065,467909c37647b738fc7dc6b1e1cad35e873584755e7bdf7d479fb7c5d0d1c897
mana-symbols/3.svg,https://r2.videreproject.com/mana-symbols/3.svg,2026-08-11T06:08:35.973Z,image/svg+xml,2797,92884b09db9a832a061bc12c5ea6e044a06c85640ed609208aed079513bdd339
mana-symbols/4.svg,https://r2.videreproject.com/mana-symbols/4.svg,2026-08-11T06:08:36.559Z,image/svg+xml,1085,60b27c82e45a432952339f17a04305340e6cc849dc5984ba8d76ca2693cc3d7e
mana-symbols/5.svg,https://r2.videreproject.com/mana-symbols/5.svg,2026-08-11T06:08:37.157Z,image/svg+xml,1938,a34f1fac6ae9a71be611700a370a6457c46e62edf97cc2c15bd56c15f87ee46f
mana-symbols/6.svg,https://r2.videreproject.com/mana-symbols/6.svg,2026-08-11T06:08:37.760Z,image/svg+xml,2393,3d0f1d1594adc16a6d76d8d3348c9c9124084a0f2795aab695552fcf560660fb
mana-symbols/7.svg,https://r2.videreproject.com/mana-symbols/7.svg,2026-08-11T06:08:38.527Z,image/svg+xml,1576,46ec8fd2b0bc39fba3df745aaca5c5e87161e49bfac4e5a3b295de6159461c76
mana-symbols/8.svg,https://r2.videreproject.com/mana-symbols/8.svg,2026-08-11T06:08:39.208Z,image/svg+xml,2969,9a91b6b6194253c1573816115dd43173cdddc27b4914c50f7216ea06ede76f78
mana-symbols/9.svg,https://r2.videreproject.com/mana-symbols/9.svg,2026-08-11T06:08:39.796Z,image/svg+xml,2486,0610318d02f7f7a6164287750d510ed7474f487f4df98208b2c7a84bc46e6f43
mana-symbols/B.svg,https://r2.videreproject.com/mana-symbols/B.svg,2026-08-11T06:08:40.470Z,image/svg+xml,3822,3193d2ed279b3bfd863abfda9cb51e9cc25885c5d620c1cf93584b0890ab0ff2
mana-symbols/BG.svg,https://r2.videreproject.com/mana-symbols/BG.svg,2026-08-11T06:08:41.093Z,image/svg+xml,6509,8c1d67a71819a06f163693428c9f0fe4d1fb8b15565994d7c7c6399b72775d82
mana-symbols/BGP.svg,https://r2.videreproject.com/mana-symbols/BGP.svg,2026-08-11T06:08:41.834Z,image/svg+xml,8914,8ce315b90213bcfa1346d506c63d006a3aa3896fdae35457e6d0951ba31924ef
mana-symbols/BP.svg,https://r2.videreproject.com/mana-symbols/BP.svg,2026-08-11T06:08:42.413Z,image/svg+xml,4978,ca6d0748fb977d3bf6b6d5273c737b162baaf5d17e50090fb917c3165afe5b5d
mana-symbols/BR.svg,https://r2.videreproject.com/mana-symbols/BR.svg,2026-08-11T06:08:43.196Z,image/svg+xml,5158,465328131cf8a193d02fc17af6a1110d12272ba592e3d0237edfbf86b77619d3
mana-symbols/BRP.svg,https://r2.videreproject.com/mana-symbols/BRP.svg,2026-08-11T06:08:43.762Z,image/svg+xml,8914,a85626dfb9f8bbcb21cea67a1286a03479614b7935bc071f69c65d782e2df22a
mana-symbols/C.svg,https://r2.videreproject.com/mana-symbols/C.svg,2026-08-11T06:08:44.637Z,image/svg+xml,1391,c06148aa16b1a6ead0a52ffd8c30413747d0cf36e86f8b34db5d9e739e32f848
mana-symbols/CB.svg,https://r2.videreproject.com/mana-symbols/CB.svg,2026-08-11T06:08:45.330Z,image/svg+xml,3910,c20cc7a8bf3fd439e90c3a0b8dce07e0d3650ef9bcfd6e0c1c8a013f03a1dde7
mana-symbols/CG.svg,https://r2.videreproject.com/mana-symbols/CG.svg,2026-08-11T06:08:46.058Z,image/svg+xml,3851,5416a36566402c2a057056240418f3b58de1102c8ecd341a828d29593a8668e8
mana-symbols/CR.svg,https://r2.videreproject.com/mana-symbols/CR.svg,2026-08-11T06:08:46.637Z,image/svg+xml,3389,6a2e4a4d9d5fef3d547122720f37b9717b27d54db51196b377605be9308254ad
mana-symbols/CU.svg,https://r2.videreproject.com/mana-symbols/CU.svg,2026-08-11T06:08:47.267Z,image/svg+xml,1767,92640ec72d3721cb362b0afe488c46bc4544e099528f1b9e3a124f8d39dc559e
mana-symbols/CW.svg,https://r2.videreproject.com/mana-symbols/CW.svg,2026-08-11T06:08:47.831Z,image/svg+xml,5250,8251f51dbb2ca2b7f1e2f2bf914ade894878ea89f1556a587db9746629398a3e
mana-symbols/G.svg,https://r2.videreproject.com/mana-symbols/G.svg,2026-08-11T06:08:48.538Z,image/svg+xml,3709,965101d56a08e8307fb7e3475f39dc69dc08bf8f8cb14a12ff58bed95d0c019b
mana-symbols/GP.svg,https://r2.videreproject.com/mana-symbols/GP.svg,2026-08-11T06:08:49.205Z,image/svg+xml,4978,86bd85d98557825630c7fc9a3d37ef1a8d093a255893706333abdaf9ee6b7e9f
mana-symbols/GU.svg,https://r2.videreproject.com/mana-symbols/GU.svg,2026-08-11T06:08:49.878Z,image/svg+xml,4217,9d3d23f115d18026c9831944cad5df24e84f0c0049a44522eacb928a982a3cf1
mana-symbols/GUP.svg,https://r2.videreproject.com/mana-symbols/GUP.svg,2026-08-11T06:08:50.579Z,image/svg+xml,8914,ba2e5036d7825410ba79528e4af31604e7972d2febe11f7353c2be7bf1eef5a6
mana-symbols/GW.svg,https://r2.videreproject.com/mana-symbols/GW.svg,2026-08-11T06:08:51.193Z,image/svg+xml,6519,c181dc0a4e248dd45b2ff000e2968a716f401c9acd6b77bb37984bdb55c73766
mana-symbols/GWP.svg,https://r2.videreproject.com/mana-symbols/GWP.svg,2026-08-11T06:08:51.821Z,image/svg+xml,8914,9945d26f0db3397d5e16aa5fdbbf90df9b24fa4b9e8a7d507d95b774862b8659
mana-symbols/P.svg,https://r2.videreproject.com/mana-symbols/P.svg,2026-08-11T06:08:52.457Z,image/svg+xml,4978,a3c85adcf95c2a6d037a76a0c7610cb66983ccf24880d1d568b1b44ebd65f8e9
mana-symbols/Q.svg,https://r2.videreproject.com/mana-symbols/Q.svg,2026-08-11T06:08:53.192Z,image/svg+xml,791,5877c432c38362707b242697b968c06e137807c4af91a8a2faf32a9534725c85
mana-symbols/R.svg,https://r2.videreproject.com/mana-symbols/R.svg,2026-08-11T06:08:53.795Z,image/svg+xml,2821,9c88b722ef5e41a771db6343200fa13cf6f1612954feff9f7959133d1b31f6cf
mana-symbols/RG.svg,https://r2.videreproject.com/mana-symbols/RG.svg,2026-08-11T06:08:54.703Z,image/svg+xml,5738,331ea025d93e4e38b451fed886e8d30e344162e1840f5bf71ffe02a37e5a7e85
mana-symbols/RGP.svg,https://r2.videreproject.com/mana-symbols/RGP.svg,2026-08-11T06:08:55.427Z,image/svg+xml,8914,188ffa0bc5b7ee867985b2cd8a3af57229098f0d15b4f9fbee8914f146fd408d
mana-symbols/RP.svg,https://r2.videreproject.com/mana-symbols/RP.svg,2026-08-11T06:08:56.054Z,image/svg+xml,4978,273de7275675cd0d2be955f8dcabaa9e37da7584c6b22668bd280df37b6f49bb
mana-symbols/RW.svg,https://r2.videreproject.com/mana-symbols/RW.svg,2026-08-11T06:08:56.644Z,image/svg+xml,5682,d797d66081179e9f109feb18481547441d6f4e07cb56fdf587cbe0b834ede361
mana-symbols/RWP.svg,https://r2.videreproject.com/mana-symbols/RWP.svg,2026-08-11T06:08:57.268Z,image/svg+xml,8914,63f76d941aa7e3cecc1b1d943fbfd2a38f2ad807d7b9a386875923b28db85ce9
mana-symbols/S.svg,https://r2.videreproject.com/mana-symbols/S.svg,2026-08-11T06:08:57.956Z,image/svg+xml,2757,004dd81c90d1688d82c99d02eecdd3f40ff3ae3b93a70f4aa084f51cde9ccabb
mana-symbols/T.svg,https://r2.videreproject.com/mana-symbols/T.svg,2026-08-11T06:08:58.657Z,image/svg+xml,995,e5834031b2a91cf062c72d8c3cbbce6b22497494b6bc359c810d1e8eab02052c
mana-symbols/U.svg,https://r2.videreproject.com/mana-symbols/U.svg,2026-08-11T06:08:59.309Z,image/svg+xml,1074,00579d48a49d6613f3a6a443fc6f882b1584956c6cc777bf623e0857eb58b909
mana-symbols/UB.svg,https://r2.videreproject.com/mana-symbols/UB.svg,2026-08-11T06:09:00.016Z,image/svg+xml,3899,6db56e2cf074344f0ac3f1eeec982673e287eb4f0cb4a16ed05e7a9baf2721ff
mana-symbols/UBP.svg,https://r2.videreproject.com/mana-symbols/UBP.svg,2026-08-11T06:09:00.570Z,image/svg+xml,8914,d60e9892b81f89cc57644bbab5d540a30e7f59f3c84b0fecf1fdbab974fb8c18
mana-symbols/UP.svg,https://r2.videreproject.com/mana-symbols/UP.svg,2026-08-11T06:09:01.188Z,image/svg+xml,4978,5e8d543d7fb5d24ed61ad647527f66e4355ba947b881c0867b07b048e8066cf0
mana-symbols/UR.svg,https://r2.videreproject.com/mana-symbols/UR.svg,2026-08-11T06:09:01.792Z,image/svg+xml,3438,ffe096246115edbf7f5e9d222d1e784096ac3d35a04cdab0daa57928c2d0cf96
mana-symbols/URP.svg,https://r2.videreproject.com/mana-symbols/URP.svg,2026-08-11T06:09:02.348Z,image/svg+xml,8914,b50487458e71a4cc67d88b543c77f7105e97f1d9099ee786125851b4b62ad186
mana-symbols/W.svg,https://r2.videreproject.com/mana-symbols/W.svg,2026-08-11T06:09:03.070Z,image/svg+xml,3323,194d605ba6aec60a429c10a7fbb93b255f3de171b64684ddec4b3150f389c077
mana-symbols/WB.svg,https://r2.videreproject.com/mana-symbols/WB.svg,2026-08-11T06:09:03.641Z,image/svg+xml,5755,a3fcb87f61f0d2fdbd808c9118515ffa3c035d8882a6105e7bd30c714f4e9e11
mana-symbols/WBP.svg,https://r2.videreproject.com/mana-symbols/WBP.svg,2026-08-11T06:09:04.253Z,image/svg+xml,8914,037651bfc0d29eed9a9d9bdaeb3d104f88e7e0c84efa21e9186d55cfa5a99825
mana-symbols/WP.svg,https://r2.videreproject.com/mana-symbols/WP.svg,2026-08-11T06:09:05.237Z,image/svg+xml,4978,e6a918119907c33b6b1ba7038a1ab20f4bf915795d39ca42ad699687893f0506
mana-symbols/WU.svg,https://r2.videreproject.com/mana-symbols/WU.svg,2026-08-11T06:09:05.973Z,image/svg+xml,3963,509fca8872960bd90afedc22769f45d4174ae762282c3553324ef34c04a61fd7
mana-symbols/WUP.svg,https://r2.videreproject.com/mana-symbols/WUP.svg,2026-08-11T06:09:06.731Z,image/svg+xml,8914,e48cc660f2a2a43743e2488b6dd1a9e1580bb4f95a781c09e3a50f8a1a5dc8e3
mana-symbols/X.svg,https://r2.videreproject.com/mana-symbols/X.svg,2026-08-11T06:09:07.330Z,image/svg+xml,2520,9e7eeb70b76871a3f510a567c13ad6e088143546b4bd22773946faa1a4966726
player-counters/energy.png,https://r2.videreproject.com/player-counters/energy.png,2026-08-11T06:09:07.917Z,image/png,1339,3c9e91fb13245cf78570486b225b7837010eec0115a4206275ec4499e3c3ec0d
player-counters/experience.png,https://r2.videreproject.com/player-counters/experience.png,2026-08-11T06:09:08.441Z,image/png,1240,454620e161498971780887ccfedc123f438a490ea836615d99bc3802a5a2bef8
player-counters/poison.png,https://r2.videreproject.com/player-counters/poison.png,2026-08-11T06:09:09.251Z,image/png,1101,70343bb3e41811d3de13b798e8c29dbf7723fb54c5a2305208c02a9fadd44514
player-counters/rad.png,https://r2.videreproject.com/player-counters/rad.png,2026-08-11T06:09:09.954Z,image/png,1002,cf2d25facf0ee52522a6a1cb1e05a4f3a3df04a03fe55a067781133a6faee1e3
set-symbols/10E-common.png,https://r2.videreproject.com/set-symbols/10E-common.png,2026-08-11T06:09:10.530Z,image/png,752,ac57f920dd94aee5be32120789a18e816917a9f3bdf1269ac83a405212a6c6f0
set-symbols/10E-rare.png,https://r2.videreproject.com/set-symbols/10E-rare.png,2026-08-11T06:09:11.422Z,image/png,1193,7b5011e70837459fff4a1bb0b5852a2484ff1342a6c0e5e0f9bc4203ffa9d554
set-symbols/10E-uncommon.png,https://r2.videreproject.com/set-symbols/10E-uncommon.png,2026-08-11T06:09:12.111Z,image/png,1253,c7f6fdeab674374f239fe249571b41bec46c1ef0a75879d02ecb23aa6ffce956
set-symbols/1E-common.png,https://r2.videreproject.com/set-symbols/1E-common.png,2026-08-11T06:09:12.787Z,image/png,1207,e69d99e93b65ca51dcaab0e1669b3ed6315b5f6f3496839c72a6ea4c5692e7c9
set-symbols/1E-rare.png,https://r2.videreproject.com/set-symbols/1E-rare.png,2026-08-11T06:09:13.439Z,image/png,1201,0e084e14d1aab83ea2db58a08c1730157c6d70a5541ec009e08f81172ee2c8fa
set-symbols/1E-uncommon.png,https://r2.videreproject.com/set-symbols/1E-uncommon.png,2026-08-11T06:09:14.046Z,image/png,1172,5e1520e4466d1fcf41cc93c09bb832366acccf5b3d9ed63400e19199186eb63d
set-symbols/2E-common.png,https://r2.videreproject.com/set-symbols/2E-common.png,2026-08-11T06:09:14.634Z,image/png,1198,0d48fcba389f5b98cb67db40cca41ec87326256af5b668c31e2e65c6c39ca199
set-symbols/2E-rare.png,https://r2.videreproject.com/set-symbols/2E-rare.png,2026-08-11T06:09:15.222Z,image/png,1201,13ccd639f351984a825e0a6919728ea271b0c1ae9fb7ec49cb9b3cd8ba31b7b6
set-symbols/2E-uncommon.png,https://r2.videreproject.com/set-symbols/2E-uncommon.png,2026-08-11T06:09:15.818Z,image/png,1160,622e951fc58841a3ccc7dad5f362a36b56bbd6ab656b59dcf56a1e08a20d6dd1
set-symbols/2U-common.png,https://r2.videreproject.com/set-symbols/2U-common.png,2026-08-11T06:09:16.425Z,image/png,1005,08349bdd30bc96b530fb11fc0cfa21ef62db4f77a5e1b7fd46d80c32c1913c45
set-symbols/2U-rare.png,https://r2.videreproject.com/set-symbols/2U-rare.png,2026-08-11T06:09:17.012Z,image/png,1036,6483ef2f08f4a349a16df632fd0bd816136411b6ebbc8188f241af3bbd0d5cd8
set-symbols/2U-uncommon.png,https://r2.videreproject.com/set-symbols/2U-uncommon.png,2026-08-11T06:09:17.772Z,image/png,993,3bb0232945eea7ce0228551aba6a824ce1aae24a25b2f5e7bb2410dc02545cc7
set-symbols/2X2-common.png,https://r2.videreproject.com/set-symbols/2X2-common.png,2026-08-11T06:09:18.347Z,image/png,898,81f80cbcac88784f330db201540d85dfb0329b79da2f24909aaf070f1fd3940f
set-symbols/2X2-mythic.png,https://r2.videreproject.com/set-symbols/2X2-mythic.png,2026-08-11T06:09:18.976Z,image/png,2066,289ae655e5ba61d86960484651793634c3d7701f9881a367437b9ddeef02bd96
set-symbols/2X2-rare.png,https://r2.videreproject.com/set-symbols/2X2-rare.png,2026-08-11T06:09:19.651Z,image/png,2144,4e42f176eb2300b5294d6042042a556f796f8e3ce1bb4bfb79f244f42c459b9f
set-symbols/2X2-uncommon.png,https://r2.videreproject.com/set-symbols/2X2-uncommon.png,2026-08-11T06:09:20.244Z,image/png,2211,0ebaee472ac88da799921cf9fa0f5475b6d57f0bcd696b2e780eeec16bb9cf41
set-symbols/2XM-common.png,https://r2.videreproject.com/set-symbols/2XM-common.png,2026-08-11T06:09:20.901Z,image/png,1414,2a229064240d674fa8dbb285dc68495a03cc91a1643a599f09e40ed96d10c00f
set-symbols/2XM-mythic.png,https://r2.videreproject.com/set-symbols/2XM-mythic.png,2026-08-11T06:09:21.517Z,image/png,1918,005e44abd2c734c7cfa489e056da563196f2d6c5edea49280760a152f7700ad0
set-symbols/2XM-rare.png,https://r2.videreproject.com/set-symbols/2XM-rare.png,2026-08-11T06:09:22.120Z,image/png,1980,f8b5276da51abc4d462809d8d21b389503c85a02adb85075ba31847af8399c48
set-symbols/2XM-uncommon.png,https://r2.videreproject.com/set-symbols/2XM-uncommon.png,2026-08-11T06:09:22.932Z,image/png,1958,a2bd9418979839f0a51e54bddbb707f650f891ccb4cd000383f75fe1e2c4b48f
set-symbols/3E-common.png,https://r2.videreproject.com/set-symbols/3E-common.png,2026-08-11T06:09:23.536Z,image/png,1143,1b8cb8ef2f5ec7f2e5174cf7ebf16c2d24ac225a8ed0a3538b4f6f17157a04a8
set-symbols/3E-rare.png,https://r2.videreproject.com/set-symbols/3E-rare.png,2026-08-11T06:09:24.130Z,image/png,1178,3c04a42fe51ea39da97b181e1a14141cb9205b3b890d5a6fabdd1ce152524449
set-symbols/3E-uncommon.png,https://r2.videreproject.com/set-symbols/3E-uncommon.png,2026-08-11T06:09:24.691Z,image/png,1109,ce40640c6d4a51bc568e557377b78336565830c1cff9064f0492533eaa104865
set-symbols/40K-common.png,https://r2.videreproject.com/set-symbols/40K-common.png,2026-08-11T06:09:25.308Z,image/png,1285,e4dc6617256a761f28cb50c1c4b3b454e35ebd0d7f03164830e38777bea9c380
set-symbols/40K-mythic.png,https://r2.videreproject.com/set-symbols/40K-mythic.png,2026-08-11T06:09:25.877Z,image/png,1670,f40d86888ed4fa5ccfb5189a06fa9121b4e5d77e6d00eef628a0977903958ffc
set-symbols/40K-rare.png,https://r2.videreproject.com/set-symbols/40K-rare.png,2026-08-11T06:09:26.458Z,image/png,1709,57258389f5971cfb1f01535c2bcd60c14646b9a759c5148dba62d04b0e2dbd10
set-symbols/40K-uncommon.png,https://r2.videreproject.com/set-symbols/40K-uncommon.png,2026-08-11T06:09:27.418Z,image/png,1709,e84c419e9443c4d7e25937a70a8f8a641e5a4df0e65d140c9250b6cb56b079f2
set-symbols/4E-common.png,https://r2.videreproject.com/set-symbols/4E-common.png,2026-08-11T06:09:28.091Z,image/png,472,0ebefb1496f9f057ea40788aa5f6e99a31cecaa0c255c8ff55f6250302dc4fec
set-symbols/4E-rare.png,https://r2.videreproject.com/set-symbols/4E-rare.png,2026-08-11T06:09:28.729Z,image/png,1260,3e31ff52665e85fa0e0485985c11d78c371949fca2c461fc5ef7141ac2bd54f7
set-symbols/4E-uncommon.png,https://r2.videreproject.com/set-symbols/4E-uncommon.png,2026-08-11T06:09:29.364Z,image/png,1344,7c77b4fafe1cd46b1300abde981dae51bfd2e8a35822693457758c13a8f41d46
set-symbols/5DN-common.png,https://r2.videreproject.com/set-symbols/5DN-common.png,2026-08-11T06:09:29.910Z,image/png,1428,a3af21d6488d1daad0d7ac472c890e8fae93d8f59039ef90a8756385822e77e8
set-symbols/5DN-rare.png,https://r2.videreproject.com/set-symbols/5DN-rare.png,2026-08-11T06:09:30.560Z,image/png,1742,70d75c47d406dee1aeecd82b378f34e213c1c6ef6da2b4de1d284b705838837f
set-symbols/5DN-uncommon.png,https://r2.videreproject.com/set-symbols/5DN-uncommon.png,2026-08-11T06:09:31.116Z,image/png,1772,3a606685b69987e11442c9c756966bab489961a1922d8479f37be03e5f3b00ec
set-symbols/5E-common.png,https://r2.videreproject.com/set-symbols/5E-common.png,2026-08-11T06:09:31.660Z,image/png,451,d6bb02f328d44d6aff6c9123d45a82057987b9c9d5855f626655f9f6ab144cef
set-symbols/5E-rare.png,https://r2.videreproject.com/set-symbols/5E-rare.png,2026-08-11T06:09:32.223Z,image/png,1053,7e9dd5f989067c8d20ae21e3f9d0b5b2274b2ff121544379579c8b0466f38d08
set-symbols/5E-uncommon.png,https://r2.videreproject.com/set-symbols/5E-uncommon.png,2026-08-11T06:09:32.841Z,image/png,1091,83f5e09ca951c65b04ced8240720c5746afb9ca665ab4d83ef8e93fb00a278c8
set-symbols/6E-common.png,https://r2.videreproject.com/set-symbols/6E-common.png,2026-08-11T06:09:33.637Z,image/png,1029,c9812d3a4b41e902cf407852bf979a69d1e284598b320a8f79c0fe846e9421b1
set-symbols/6E-rare.png,https://r2.videreproject.com/set-symbols/6E-rare.png,2026-08-11T06:09:34.207Z,image/png,1719,427cf81ea66c99f96ec6c083145dba779c74c98884c71b2d0f32f04f02a74db5
set-symbols/6E-uncommon.png,https://r2.videreproject.com/set-symbols/6E-uncommon.png,2026-08-11T06:09:34.821Z,image/png,1683,f8d7155d2efdc97668935c8cbfd321a3357373d25131f4bfda6de0dcc7e2d3fb
set-symbols/7E-common.png,https://r2.videreproject.com/set-symbols/7E-common.png,2026-08-11T06:09:35.450Z,image/png,916,13b70810d9cbaf10cae1f6ebf88b120b47e95c41c13a789623da71508813a17d
set-symbols/7E-rare.png,https://r2.videreproject.com/set-symbols/7E-rare.png,2026-08-11T06:09:36.086Z,image/png,1090,15b0ea248442778578233f081bfaf5d3eb1aafd710b805da625414bfbe0f84a6
set-symbols/7E-uncommon.png,https://r2.videreproject.com/set-symbols/7E-uncommon.png,2026-08-11T06:09:36.659Z,image/png,1130,025b37d573e6593b0494ce84a1de9e640d8b436f2c41fb6e1bb983f0e4a6197f
set-symbols/8ED-common.png,https://r2.videreproject.com/set-symbols/8ED-common.png,2026-08-11T06:09:37.294Z,image/png,1788,f2254848abd20a2e0584de68c1750cf3f348c1b2ef06bc07f06f2b6940fba6d6
set-symbols/8ED-rare.png,https://r2.videreproject.com/set-symbols/8ED-rare.png,2026-08-11T06:09:37.897Z,image/png,2223,c48e13e3e01d29d4523521c784f284af25e9ea4f749d1003b9cf53d29d0dbe3b
set-symbols/8ED-uncommon.png,https://r2.videreproject.com/set-symbols/8ED-uncommon.png,2026-08-11T06:09:38.478Z,image/png,2229,63af7cc762ef4ec9d0fbcde20a1eca3379d39def5fa7d42eabc7d3e97fda0236
set-symbols/9ED-common.png,https://r2.videreproject.com/set-symbols/9ED-common.png,2026-08-11T06:09:39.067Z,image/png,1779,370b721c9a24847e806460e8c6687bdc7cc3f5ce5be05df588db040b8fc68c9c
set-symbols/9ED-rare.png,https://r2.videreproject.com/set-symbols/9ED-rare.png,2026-08-11T06:09:40.684Z,image/png,2215,70f5ab3e249e3c3014599243d0b48f4e368d228ebfaefe881a92ad2fd481b941
set-symbols/9ED-uncommon.png,https://r2.videreproject.com/set-symbols/9ED-uncommon.png,2026-08-11T06:09:41.248Z,image/png,2233,b3a94fb967b06f326905863a61e4acd74aef018fc0e8c389b4f7b507de51b2ce
set-symbols/A25-common.png,https://r2.videreproject.com/set-symbols/A25-common.png,2026-08-11T06:09:41.803Z,image/png,720,e12b2eedc817960a3d228db19e55accb80db86c5d97ea12b841285d5f11bd840
set-symbols/A25-mythic.png,https://r2.videreproject.com/set-symbols/A25-mythic.png,2026-08-11T06:09:42.369Z,image/png,835,b324fd793f1a2b2cbde74358264aa1f55fbf2594a03bac7bb3eac36b44c36507
set-symbols/A25-rare.png,https://r2.videreproject.com/set-symbols/A25-rare.png,2026-08-11T06:09:42.952Z,image/png,893,1cff335ab731a208fbcddb0bce0986232bfa14ab2306344b73fe9c4aa58911ca
set-symbols/A25-uncommon.png,https://r2.videreproject.com/set-symbols/A25-uncommon.png,2026-08-11T06:09:43.553Z,image/png,904,dd6f0b0ff84fdcd56b93243904c20f7f937a23075adea528612446aa27b200c1
set-symbols/ACR-common.png,https://r2.videreproject.com/set-symbols/ACR-common.png,2026-08-11T06:09:44.210Z,image/png,946,4f6d1a6581e63a0872aede9e6ae214bab7d81fa0dcf2f58e3626829bbaa9459a
set-symbols/ACR-mythic.png,https://r2.videreproject.com/set-symbols/ACR-mythic.png,2026-08-11T06:09:45.027Z,image/png,1138,cbc7cfbe45b72d54d92d57c6259b7701b62a0444b0ef8ccf225a109cd5829f76
set-symbols/ACR-rare.png,https://r2.videreproject.com/set-symbols/ACR-rare.png,2026-08-11T06:09:45.682Z,image/png,1181,53d28b0f4c5fad13488bd780c1648f75d53ed02663fc6259f921a5e0a03df88a
set-symbols/ACR-uncommon.png,https://r2.videreproject.com/set-symbols/ACR-uncommon.png,2026-08-11T06:09:46.392Z,image/png,1192,43f791e2a814d26056a4cc9676936132900107bf09072d1223ed53caeafab636
set-symbols/AER-common.png,https://r2.videreproject.com/set-symbols/AER-common.png,2026-08-11T06:09:46.980Z,image/png,19614,570d4d5d563b7087f8cbcafa74d0f12b9ad8eeee929a3d743a7ef1219c999e92
set-symbols/AER-mythic.png,https://r2.videreproject.com/set-symbols/AER-mythic.png,2026-08-11T06:09:47.565Z,image/png,19603,c5ee8c7abe90ce9e06030331986da7d37e117111ce88c6a956fa04a3bfcf44c6
set-symbols/AER-rare.png,https://r2.videreproject.com/set-symbols/AER-rare.png,2026-08-11T06:09:48.217Z,image/png,19514,6bca1a733654b07a28dfe36d03428d06864c5b93e4cccbba18d107d4c86d4370
set-symbols/AER-uncommon.png,https://r2.videreproject.com/set-symbols/AER-uncommon.png,2026-08-11T06:09:48.899Z,image/png,19407,0e7fe93e329ac26f2376937213e0ee3c643742624da291e56156b8b29999fc6c
set-symbols/AFC-common.png,https://r2.videreproject.com/set-symbols/AFC-common.png,2026-08-11T06:09:49.512Z,image/png,1210,6f20d21d74bf588e0b2031181fc9cd13c91711d5348485c0a9d253540534d10d
set-symbols/AFC-mythic.png,https://r2.videreproject.com/set-symbols/AFC-mythic.png,2026-08-11T06:09:50.245Z,image/png,1533,f23151c4591dbc09eb889e8bac8da79404b251818b76ffb288221ff83fcdd972
set-symbols/AFC-rare.png,https://r2.videreproject.com/set-symbols/AFC-rare.png,2026-08-11T06:09:50.861Z,image/png,1607,22715e26e6305a932f431e3823998bd41908d77a6f3ae48d014d04cea1aff6c0
set-symbols/AFC-uncommon.png,https://r2.videreproject.com/set-symbols/AFC-uncommon.png,2026-08-11T06:09:51.463Z,image/png,1615,9480a218a748d6d44dc0215dddbbd237d8c98dcc874230ca2f4eb48f897bd1d9
set-symbols/AFR-common.png,https://r2.videreproject.com/set-symbols/AFR-common.png,2026-08-11T06:09:52.212Z,image/png,1089,383da8c797ab8b94035f886354186ab195184fc8426c3100fd840e6ad3e14a4c
set-symbols/AFR-mythic.png,https://r2.videreproject.com/set-symbols/AFR-mythic.png,2026-08-11T06:09:52.903Z,image/png,1396,39c02f317f42896a38b582e63c3656cef4d661639e8b4049bd4b07240d2e9d52
set-symbols/AFR-rare.png,https://r2.videreproject.com/set-symbols/AFR-rare.png,2026-08-11T06:09:53.531Z,image/png,1466,19970b7ba9cb794683bf4dfc1249178a9f359aaa83d5d39c90c23ef66c833462
set-symbols/AFR-uncommon.png,https://r2.videreproject.com/set-symbols/AFR-uncommon.png,2026-08-11T06:09:54.212Z,image/png,1492,a1b7db8e559f4934d5a9ae70c4ee64e5d15514935c64316850b39be0fb5478bf
set-symbols/AKH-common.png,https://r2.videreproject.com/set-symbols/AKH-common.png,2026-08-11T06:09:54.870Z,image/png,18573,c3be48ff4e7497fa2b2ac59d2434d2fb6771edaaeb015bfe4e5af32b6172c34f
set-symbols/AKH-mythic.png,https://r2.videreproject.com/set-symbols/AKH-mythic.png,2026-08-11T06:09:55.518Z,image/png,18862,6e84041e3f995c58984ebb19764767fdf4530f973622616cfcebd27745c4041b
set-symbols/AKH-rare.png,https://r2.videreproject.com/set-symbols/AKH-rare.png,2026-08-11T06:09:56.108Z,image/png,18914,755f04ef56c1f4b44cfbb0bf245c5c425651b1abbb4ec5e4746293db211fe2dd
set-symbols/AKH-uncommon.png,https://r2.videreproject.com/set-symbols/AKH-uncommon.png,2026-08-11T06:09:56.790Z,image/png,18868,ceb83209930c1440bcbb251329adcbae1f965825c5107fd08decba966b1073f2
set-symbols/AL-common.png,https://r2.videreproject.com/set-symbols/AL-common.png,2026-08-11T06:09:57.401Z,image/png,2264,37103c916728af66c3b91a96abbd2882ec393d27ec311b369ee58814fa311f65
set-symbols/AL-rare.png,https://r2.videreproject.com/set-symbols/AL-rare.png,2026-08-11T06:09:58.009Z,image/png,2548,ee31d7fdebee224c1e87e7860ad927392336a35f88a1f2f13d5c750c1aa174e1
set-symbols/AL-uncommon.png,https://r2.videreproject.com/set-symbols/AL-uncommon.png,2026-08-11T06:09:58.690Z,image/png,2545,9b299f37762505f9de179d7ed09d7418e876c9d4fb22c5db4b2746ddc092c77b
set-symbols/ALA-common.png,https://r2.videreproject.com/set-symbols/ALA-common.png,2026-08-11T06:09:59.342Z,image/png,778,270a3f9ea985ab9dbb1ff77aab270a47eed219fc078c4ff4d18d749dc675562b
set-symbols/ALA-mythic.png,https://r2.videreproject.com/set-symbols/ALA-mythic.png,2026-08-11T06:10:00.838Z,image/png,1273,2b343e18d11092ed667374ce40788d0c821882e64afb082f7626f36590f32c4e
set-symbols/ALA-rare.png,https://r2.videreproject.com/set-symbols/ALA-rare.png,2026-08-11T06:10:01.427Z,image/png,992,baad2d7dec7c1c624e75d91226da23c121d20373d337d7f1b6ab05825fc3211e
set-symbols/ALA-uncommon.png,https://r2.videreproject.com/set-symbols/ALA-uncommon.png,2026-08-11T06:10:02.186Z,image/png,983,a7ae03ae0da68f5b65a432661073df33ba7e2649cf7e26fec45fc3d3a2c5f64b
set-symbols/AN-common.png,https://r2.videreproject.com/set-symbols/AN-common.png,2026-08-11T06:10:02.783Z,image/png,2556,b21a49d5d14b6d18cbf1e02c1ea5e988e6027281564e273c6079a0dda7556791
set-symbols/AN-rare.png,https://r2.videreproject.com/set-symbols/AN-rare.png,2026-08-11T06:10:03.428Z,image/png,2643,4e760351fb00f66920211299fcba2a120a9a5d78f55d99106aac7db3d900ad40
set-symbols/AN-uncommon.png,https://r2.videreproject.com/set-symbols/AN-uncommon.png,2026-08-11T06:10:04.179Z,image/png,2612,b906535a07d1661dc9132bf3ded6f63f84f964e8344e94cce2ae97e71bcb9d1b
set-symbols/AP-common.png,https://r2.videreproject.com/set-symbols/AP-common.png,2026-08-11T06:10:04.756Z,image/png,1403,1ac2e693f5fd6947f6d59ccc4128651b410a8ea63f85e73550a5235b2decd906
set-symbols/AP-rare.png,https://r2.videreproject.com/set-symbols/AP-rare.png,2026-08-11T06:10:05.658Z,image/png,1598,9a54022122cc04a735260bfd15a80ea470ebac373156d80a55261de57bd86813
set-symbols/AP-uncommon.png,https://r2.videreproject.com/set-symbols/AP-uncommon.png,2026-08-11T06:10:06.384Z,image/png,1635,29b93a68112926bb6cff06c7311060536f8ad7b3596170f881a9fbd59a9e7015
set-symbols/AQ-common.png,https://r2.videreproject.com/set-symbols/AQ-common.png,2026-08-11T06:10:07.129Z,image/png,1165,b5ea28a1b306e7e538e63759546043ba6a7eb8ed461331a8ac76e3ad2a502816
set-symbols/AQ-rare.png,https://r2.videreproject.com/set-symbols/AQ-rare.png,2026-08-11T06:10:07.767Z,image/png,1717,530eb7f21ebf09f69e602742b3c92e0ea47ef8b744ae09d865a90b6391c8a66b
set-symbols/AQ-uncommon.png,https://r2.videreproject.com/set-symbols/AQ-uncommon.png,2026-08-11T06:10:08.379Z,image/png,1745,c2dc6b7d6298ac3387be129f65270c9d2854f764f96faf9a6e930bbe67a73631
set-symbols/ARB-common.png,https://r2.videreproject.com/set-symbols/ARB-common.png,2026-08-11T06:10:09.130Z,image/png,1175,6f75ed9d2dc3c3c1a7141772050a108137b2b780521395ca7eff40098d11a25a
set-symbols/ARB-mythic.png,https://r2.videreproject.com/set-symbols/ARB-mythic.png,2026-08-11T06:10:09.748Z,image/png,1482,e82761e83b115a6ef21fc684addf593822c4cf6e60e18dda476d9de81267c368
set-symbols/ARB-rare.png,https://r2.videreproject.com/set-symbols/ARB-rare.png,2026-08-11T06:10:10.373Z,image/png,1367,ebe945ad96acf644edc41b61a3c47868bec6824cac7383d40118d88864a1166a
set-symbols/ARB-uncommon.png,https://r2.videreproject.com/set-symbols/ARB-uncommon.png,2026-08-11T06:10:10.961Z,image/png,1387,cacc1fdd39c5e5c76574ad3ae68e6faebb0217cebaa97a2625fe5169131e31f5
set-symbols/ARC-common.png,https://r2.videreproject.com/set-symbols/ARC-common.png,2026-08-11T06:10:11.525Z,image/png,1059,42fd4a807ddc878430e49b3507578915b9f582ede3b4e897f11f7e8da068b236
set-symbols/ARC-mythic.png,https://r2.videreproject.com/set-symbols/ARC-mythic.png,2026-08-11T06:10:12.812Z,image/png,1382,3b32d498c2aa563640a31a359000551bc256bf8f327a29871560665d1f3dae7d
set-symbols/ARC-rare.png,https://r2.videreproject.com/set-symbols/ARC-rare.png,2026-08-11T06:10:13.426Z,image/png,1242,971e4170403bb382220dfd98ae54f1f3310b6ccdf179ba90b7bcde877bfe69f8
set-symbols/ARC-uncommon.png,https://r2.videreproject.com/set-symbols/ARC-uncommon.png,2026-08-11T06:10:14.063Z,image/png,1273,2b15cc0bac1306a238295d11cf6b8dded88e75888872905a2d8787fd9a059653
set-symbols/AVR-common.png,https://r2.videreproject.com/set-symbols/AVR-common.png,2026-08-11T06:10:14.653Z,image/png,1187,4abab69b9d82f1be30f8d1563c4ff18230d8d177d4059825b8f304f181307937
set-symbols/AVR-mythic.png,https://r2.videreproject.com/set-symbols/AVR-mythic.png,2026-08-11T06:10:15.249Z,image/png,1495,35d03831f261555072ebc52abf93914c10cd939f3c406d01523a23ffdb528cb4
set-symbols/AVR-rare.png,https://r2.videreproject.com/set-symbols/AVR-rare.png,2026-08-11T06:10:15.834Z,image/png,1359,a805d884633d2576687c6ce090beb02d9e90d3d9b3b0ca7359341c692e93d346
set-symbols/AVR-uncommon.png,https://r2.videreproject.com/set-symbols/AVR-uncommon.png,2026-08-11T06:10:16.442Z,image/png,1262,eaa337c5a4dae6409705d8a0a8f9f26a2c9e0c872d53fd83c2c492ecc44cefb5
set-symbols/BBD-common.png,https://r2.videreproject.com/set-symbols/BBD-common.png,2026-08-11T06:10:17.089Z,image/png,794,52ec869d7f43980793b8232498b433399ee5ea427db65bd710ab04360d9d0607
set-symbols/BBD-mythic.png,https://r2.videreproject.com/set-symbols/BBD-mythic.png,2026-08-11T06:10:17.898Z,image/png,904,03944d34d6b04ef3c651a7d308ccdcbe64034d7d8f6d9cd08c1a2cfc2ce7bb9d
set-symbols/BBD-rare.png,https://r2.videreproject.com/set-symbols/BBD-rare.png,2026-08-11T06:10:18.478Z,image/png,973,db64d40e3fdb86643325fecbcfbc07d67e27025489c7239507028d8a6a37ad94
set-symbols/BBD-uncommon.png,https://r2.videreproject.com/set-symbols/BBD-uncommon.png,2026-08-11T06:10:19.104Z,image/png,997,7be34787bb971904b78caf13980c75a453cc21e45baaf9eb7e99ce153ca71484
set-symbols/BFZ-common.png,https://r2.videreproject.com/set-symbols/BFZ-common.png,2026-08-11T06:10:19.682Z,image/png,510,dadbaee2706029d84458a413b9aacb69346d82cda4fd521c2ef2e3f345b36019
set-symbols/BFZ-mythic.png,https://r2.videreproject.com/set-symbols/BFZ-mythic.png,2026-08-11T06:10:20.431Z,image/png,931,abb7008639b6e17a07285af9c05b7df974b0b1bec9be01a5acf213a9816f55ae
set-symbols/BFZ-rare.png,https://r2.videreproject.com/set-symbols/BFZ-rare.png,2026-08-11T06:10:21.097Z,image/png,1010,dfeb1cfb80e18d9283ad1a45bba77903a3f83eda9a385bccaae89c2963f3bed6
set-symbols/BFZ-uncommon.png,https://r2.videreproject.com/set-symbols/BFZ-uncommon.png,2026-08-11T06:10:21.688Z,image/png,991,b91fab8f53ea4fa739b69073241ea7233f5b89cb4b2aa47753dba5ebd41d7fa3
set-symbols/BIG-common.png,https://r2.videreproject.com/set-symbols/BIG-common.png,2026-08-11T06:10:22.348Z,image/png,1354,14ba3e97ccf445a0fc905c6a9949a2ae5d10fbb035df21aab0bb7ae49a23a1ea
set-symbols/BIG-mythic.png,https://r2.videreproject.com/set-symbols/BIG-mythic.png,2026-08-11T06:10:22.918Z,image/png,1733,85b2e441850423cde20938ced9ef7c7288424205acb96eefed3e0951be267759
set-symbols/BIG-rare.png,https://r2.videreproject.com/set-symbols/BIG-rare.png,2026-08-11T06:10:23.598Z,image/png,1803,6279123e03030ae0df04a1064db9f18ba3525abaaa76c3d57a16891e7f556e64
set-symbols/BIG-uncommon.png,https://r2.videreproject.com/set-symbols/BIG-uncommon.png,2026-08-11T06:10:24.135Z,image/png,1831,9ca35bef1eb6cc566735408e2c33eea73ca97e1eeb00d421085a65ba232fc80e
set-symbols/BLB-common.png,https://r2.videreproject.com/set-symbols/BLB-common.png,2026-08-11T06:10:24.906Z,image/png,943,28352d0a3a15923489ba0fc131324c5f468efd500a6d4fa9ae5db3d21437c79a
set-symbols/BLB-mythic.png,https://r2.videreproject.com/set-symbols/BLB-mythic.png,2026-08-11T06:10:25.453Z,image/png,1311,c9554db8515595bcdb898a935cd973a1b549fb64fe46bf5a1eff16a0412c370b
set-symbols/BLB-rare.png,https://r2.videreproject.com/set-symbols/BLB-rare.png,2026-08-11T06:10:25.998Z,image/png,1311,6e26f21ec8b07578afff9d3457c5ada03f9fe7440f4c36d61562944261875e82
set-symbols/BLB-uncommon.png,https://r2.videreproject.com/set-symbols/BLB-uncommon.png,2026-08-11T06:10:26.579Z,image/png,1330,ed68466266a4c6d838ae9c2a73e3f04a31422248bc8fa6faa5998116b016e082
set-symbols/BLC-common.png,https://r2.videreproject.com/set-symbols/BLC-common.png,2026-08-11T06:10:27.147Z,image/png,1075,898ec85ca4b187f2038fb35510cec198e2920501df473d4f3217c418b68cf2cb
set-symbols/BLC-mythic.png,https://r2.videreproject.com/set-symbols/BLC-mythic.png,2026-08-11T06:10:27.724Z,image/png,1466,5edb24d6008e8c939edb9dc328a41a658ba6b0c4299cfe825fb0c76cdd20fe94
set-symbols/BLC-rare.png,https://r2.videreproject.com/set-symbols/BLC-rare.png,2026-08-11T06:10:28.333Z,image/png,1511,7101ba1fbdfaef08994809302e6a203a714570d6e4b2c3ecac6c3f7222f3c6fe
set-symbols/BLC-uncommon.png,https://r2.videreproject.com/set-symbols/BLC-uncommon.png,2026-08-11T06:10:28.912Z,image/png,1521,b01456f2901e5ab270ccdf36f32d9686324c09c9ab4c191ed2820b03dc0f488e
set-symbols/BNG-common.png,https://r2.videreproject.com/set-symbols/BNG-common.png,2026-08-11T06:10:29.475Z,image/png,1096,fcf3c086de862564c1631481fc10c74e167b6f9704417aa78d75e36974ec2530
set-symbols/BNG-mythic.png,https://r2.videreproject.com/set-symbols/BNG-mythic.png,2026-08-11T06:10:30.277Z,image/png,1453,c8cadd819e27e3a5b304f0bf20f433c55dbf0e004da29111ef16ece60deb7112
set-symbols/BNG-rare.png,https://r2.videreproject.com/set-symbols/BNG-rare.png,2026-08-11T06:10:30.825Z,image/png,1173,a7a1143145aa1728c13dd8df2aafe004e95038f9a5bab6fd7319fe22a3d55374
set-symbols/BNG-uncommon.png,https://r2.videreproject.com/set-symbols/BNG-uncommon.png,2026-08-11T06:10:31.457Z,image/png,1182,16777bb2a590654948d99c694630a9ff78c232f15bbfda1bb170025df72b2741
set-symbols/BOK-common.png,https://r2.videreproject.com/set-symbols/BOK-common.png,2026-08-11T06:10:32.003Z,image/png,931,5fc16fd8d2e20015532524a05f5a51e9fd5999124a2e09860d6aadbebbec7c7c
set-symbols/BOK-rare.png,https://r2.videreproject.com/set-symbols/BOK-rare.png,2026-08-11T06:10:32.602Z,image/png,1085,06f4491f08604b45cc7a58f2739810ad2044d99a5df6f9650291f52c95ac32ae
set-symbols/BOK-uncommon.png,https://r2.videreproject.com/set-symbols/BOK-uncommon.png,2026-08-11T06:10:33.262Z,image/png,1090,afb781e42c4e374309135dda5ead4ffadb33999a27dca8382cac621dc4530618
set-symbols/BOT-common.png,https://r2.videreproject.com/set-symbols/BOT-common.png,2026-08-11T06:10:33.937Z,image/png,1263,1cbc3b1c628080beeb9623b4ba0d4ae2f17b835f199d0e62fd3db770b0a44aed
set-symbols/BOT-mythic.png,https://r2.videreproject.com/set-symbols/BOT-mythic.png,2026-08-11T06:10:34.550Z,image/png,1549,33e5643636d2205474b60854f9dd0e41768a72677b6bdacaf3f2ac058e5d3317
set-symbols/BOT-rare.png,https://r2.videreproject.com/set-symbols/BOT-rare.png,2026-08-11T06:10:35.115Z,image/png,1620,a453027cd93063f402ac30b1d6b52f499dbb0bb33e87f602975861826ed098a6
set-symbols/BOT-uncommon.png,https://r2.videreproject.com/set-symbols/BOT-uncommon.png,2026-08-11T06:10:35.725Z,image/png,1655,b6975cfe7aaa2a2a99867d09d4dc09702b6054d3004e9f525d1ec51f39aae9b1
set-symbols/BRB-common.png,https://r2.videreproject.com/set-symbols/BRB-common.png,2026-08-11T06:10:36.311Z,image/png,1134,a6d45816497098e13ce3b8a58412f9bd451decdff352fbe5ae6a949b75d9fd90
set-symbols/BRB-rare.png,https://r2.videreproject.com/set-symbols/BRB-rare.png,2026-08-11T06:10:36.891Z,image/png,1145,dce6ad4f240c7dcdfe3335c60a7619d0db3d6452eb5631c3537a3f313ddcbb31
set-symbols/BRB-uncommon.png,https://r2.videreproject.com/set-symbols/BRB-uncommon.png,2026-08-11T06:10:37.693Z,image/png,1146,ecf3883e879c9a63d7e5486c232e8082092b3b9f33fd464dc5abeb0a4ce6b920
set-symbols/BRC-common.png,https://r2.videreproject.com/set-symbols/BRC-common.png,2026-08-11T06:10:38.378Z,image/png,1011,67c7787a46d9daf50e94d51102a0a3d5dd3a1689507a2a62c36de0cf6fde2139
set-symbols/BRC-mythic.png,https://r2.videreproject.com/set-symbols/BRC-mythic.png,2026-08-11T06:10:39.370Z,image/png,1464,0a8173bd37c4802ded161f49b1ffdbb3196af5cfe3f211d720e4d3c0e150efae
set-symbols/BRC-rare.png,https://r2.videreproject.com/set-symbols/BRC-rare.png,2026-08-11T06:10:39.980Z,image/png,1457,3ac788bbdfa8ab9bfe01b3b1c4e6a54416d65c0aeed3e29a3d95b0550695dc6c
set-symbols/BRC-uncommon.png,https://r2.videreproject.com/set-symbols/BRC-uncommon.png,2026-08-11T06:10:40.622Z,image/png,1459,ff5ff293493d16c5e8a65764a7f3ef0439d85b5b204977f32f6a660e62fb7141
set-symbols/BRO-common.png,https://r2.videreproject.com/set-symbols/BRO-common.png,2026-08-11T06:10:41.214Z,image/png,1415,d02772386f843ae51d03d798de64cdc1dec462767dae7f194360afd6a3ce7df2
set-symbols/BRO-mythic.png,https://r2.videreproject.com/set-symbols/BRO-mythic.png,2026-08-11T06:10:41.961Z,image/png,1942,78875c2ede67bc094eee941392e76d7125c28b8566e0e32e42a9baaa65c859b5
set-symbols/BRO-rare.png,https://r2.videreproject.com/set-symbols/BRO-rare.png,2026-08-11T06:10:42.556Z,image/png,2024,f3b6181a7030f097d27fc3b14a576d96acc924d1f9c87786439151467d5e528e
set-symbols/BRO-uncommon.png,https://r2.videreproject.com/set-symbols/BRO-uncommon.png,2026-08-11T06:10:43.314Z,image/png,2060,d2cc7b3e944c61b53cf49fe9d9d1b0f7adaeee40712ad27f5d67d8cd0f822588
set-symbols/BRR-common.png,https://r2.videreproject.com/set-symbols/BRR-common.png,2026-08-11T06:10:43.914Z,image/png,1108,c4195d1068fc2399dff887e3be68ac27cc567617d8085cc3fe7b8ae7aed231d5
set-symbols/BRR-mythic.png,https://r2.videreproject.com/set-symbols/BRR-mythic.png,2026-08-11T06:10:44.456Z,image/png,1436,7688aa323ad468cb029dbd017adce8f893303c1a1ef968fe61cd8acc91334aa4
set-symbols/BRR-rare.png,https://r2.videreproject.com/set-symbols/BRR-rare.png,2026-08-11T06:10:45.064Z,image/png,1466,e06b8b8033379d21dd1b357e281f9459a32597eff96cd100f3c98cf43d046fe1
set-symbols/BRR-uncommon.png,https://r2.videreproject.com/set-symbols/BRR-uncommon.png,2026-08-11T06:10:45.720Z,image/png,1500,9e2b7f20ef94ae4457f92140fbfca389ace34c10bc288dd4ee18ef2152af4446
set-symbols/BTD-common.png,https://r2.videreproject.com/set-symbols/BTD-common.png,2026-08-11T06:10:46.287Z,image/png,962,daa2672d9c92dac50343d7f3caddb1d79a04f796ddc2bf5ecbc4eb62b081f3c3
set-symbols/BTD-rare.png,https://r2.videreproject.com/set-symbols/BTD-rare.png,2026-08-11T06:10:46.855Z,image/png,1173,da52a89b71abadc44068cf5cecd70d3c6629b17c564143254f27f138c65fa160
set-symbols/BTD-uncommon.png,https://r2.videreproject.com/set-symbols/BTD-uncommon.png,2026-08-11T06:10:47.502Z,image/png,1175,eaf62e0c3286c65b69c486f1d8bc9faf33098bdb3a429a848c41259932a78fa4
set-symbols/C13-common.png,https://r2.videreproject.com/set-symbols/C13-common.png,2026-08-11T06:10:48.103Z,image/png,804,0cb7d9a158cd58a34ccf74a6518790a21a73b6411ce0db3cdc3442ead9e952b8
set-symbols/C13-mythic.png,https://r2.videreproject.com/set-symbols/C13-mythic.png,2026-08-11T06:10:48.637Z,image/png,1209,b67bb3df4746454db545b4f44fdfe71439c154a33c2421ebbd16b004bf6739c2
set-symbols/C13-rare.png,https://r2.videreproject.com/set-symbols/C13-rare.png,2026-08-11T06:10:49.445Z,image/png,1142,ce854e244405f286851bed800b3d58ca9d8db5f30aae4f647fac80392240d295
set-symbols/C13-uncommon.png,https://r2.videreproject.com/set-symbols/C13-uncommon.png,2026-08-11T06:10:50.180Z,image/png,1167,90f5b9e6f99de3740ce23053bf5d1c071535fc1fa90ca5fe9960cf5cf4a1eaee
set-symbols/C14-common.png,https://r2.videreproject.com/set-symbols/C14-common.png,2026-08-11T06:10:50.778Z,image/png,15652,26d38e92618ea76802172443f6c7534fa3b96f2e99de5ff4f8348e69a5d51a73
set-symbols/C14-mythic.png,https://r2.videreproject.com/set-symbols/C14-mythic.png,2026-08-11T06:10:51.310Z,image/png,2431,c0870d517fb961213ef836ca6f11da646ecf1e346af90a95e27d19724a44af8d
set-symbols/C14-rare.png,https://r2.videreproject.com/set-symbols/C14-rare.png,2026-08-11T06:10:51.859Z,image/png,2487,6d10928ca3e5539cf722da8953d5ef92f09b0af2d4d76798c16a9029ea124aa2
set-symbols/C14-uncommon.png,https://r2.videreproject.com/set-symbols/C14-uncommon.png,2026-08-11T06:10:52.449Z,image/png,2501,e76ebce52b924f7353dbd3e3e67d1bbc0b463dc4f592b5cdf6df4f0b3d997324
set-symbols/C15-common.png,https://r2.videreproject.com/set-symbols/C15-common.png,2026-08-11T06:10:53.048Z,image/png,723,7a000c79f1ff342bd8298f0e754670491b5cd66a377adf8a28151914005c504a
set-symbols/C15-mythic.png,https://r2.videreproject.com/set-symbols/C15-mythic.png,2026-08-11T06:10:53.589Z,image/png,1411,c93b5e8a63b78fddc92ce002be1f9734303b8ba2d9f34ba6e085842def3ec1c1
set-symbols/C15-rare.png,https://r2.videreproject.com/set-symbols/C15-rare.png,2026-08-11T06:10:54.316Z,image/png,1482,7187e0ad6dfb0c68a11268595ca6faba898b384524366ef28377bbab8073146a
set-symbols/C15-uncommon.png,https://r2.videreproject.com/set-symbols/C15-uncommon.png,2026-08-11T06:10:54.872Z,image/png,1485,76818e15e2a87b2da7ee54217083159a287ed9ff1953ae2fc2df2f5ccdf1a7db
set-symbols/C16-common.png,https://r2.videreproject.com/set-symbols/C16-common.png,2026-08-11T06:10:55.393Z,image/png,673,2d1895fccfa164c6b000308be8245631925566f641c4cc9ae0976bffd8cc90bb
set-symbols/C16-mythic.png,https://r2.videreproject.com/set-symbols/C16-mythic.png,2026-08-11T06:10:56.001Z,image/png,943,c455a2ad9f97277b42a9a005b65d66f071f89ad03418ccaba9858b92389615f2
set-symbols/C16-rare.png,https://r2.videreproject.com/set-symbols/C16-rare.png,2026-08-11T06:10:56.584Z,image/png,1013,baf3cf1bf3ea2443792d87808685eb241df2726785747697e177640fc5752f75
set-symbols/C16-uncommon.png,https://r2.videreproject.com/set-symbols/C16-uncommon.png,2026-08-11T06:10:57.212Z,image/png,1046,3835e5c15727a72f308a5d9de0a28b9ed0403618ebb0ec5c6f052ec59faf96ad
set-symbols/C17-common.png,https://r2.videreproject.com/set-symbols/C17-common.png,2026-08-11T06:10:57.857Z,image/png,717,404475bc2cc55f608dfbc54c915f9da84cebfa5b87db0d4f938fe996fa4ecd9a
set-symbols/C17-mythic.png,https://r2.videreproject.com/set-symbols/C17-mythic.png,2026-08-11T06:10:58.879Z,image/png,1145,dca7753e6b3f00aa834d617edec32e4a9bc4fd10fb5752f5cb545347aba586d8
set-symbols/C17-rare.png,https://r2.videreproject.com/set-symbols/C17-rare.png,2026-08-11T06:10:59.443Z,image/png,1158,f5c2cf1ded61ae9c296a68d08e24767c42dcc3510d27fcbb746ab88444b9086f
set-symbols/C17-uncommon.png,https://r2.videreproject.com/set-symbols/C17-uncommon.png,2026-08-11T06:11:00.069Z,image/png,1194,6f2e669b4698610efeaa9e1b83b1b3c17724acb9f652e5859f3a61be686231d9
set-symbols/C18-common.png,https://r2.videreproject.com/set-symbols/C18-common.png,2026-08-11T06:11:00.618Z,image/png,762,023645d17ba6bb1b61d792cbeda1b477896e13d0a6bc15d110576abb5e433987
set-symbols/C18-mythic.png,https://r2.videreproject.com/set-symbols/C18-mythic.png,2026-08-11T06:11:01.162Z,image/png,952,ad6e600ed47977282fed74bfb6043bd646714d77ba774b81ba0d169b45ec556a
set-symbols/C18-rare.png,https://r2.videreproject.com/set-symbols/C18-rare.png,2026-08-11T06:11:01.962Z,image/png,968,01cc76c5cc9c0c641e044c9db91838cdf3623112bd2d4c88001e2174dee780fa
set-symbols/C18-uncommon.png,https://r2.videreproject.com/set-symbols/C18-uncommon.png,2026-08-11T06:11:02.602Z,image/png,972,45cb942783218de9a01d053f5316351fdbbadab9b2d6a65a3e698d4d0d283616
set-symbols/C19-common.png,https://r2.videreproject.com/set-symbols/C19-common.png,2026-08-11T06:11:03.165Z,image/png,944,4c017f3413c71f2d88e30dbec45cd715363dc9d561f20efc37056284184f21f8
set-symbols/C19-mythic.png,https://r2.videreproject.com/set-symbols/C19-mythic.png,2026-08-11T06:11:03.888Z,image/png,1188,f2a86a611c1a0e2619af2647fd204fae615944af5d96859806a843e841c916ff
set-symbols/C19-rare.png,https://r2.videreproject.com/set-symbols/C19-rare.png,2026-08-11T06:11:04.622Z,image/png,1191,d4edd299a31361bb6153a7abbbebea915c22c1dfede820b7ac95d38cd6975d44
set-symbols/C19-uncommon.png,https://r2.videreproject.com/set-symbols/C19-uncommon.png,2026-08-11T06:11:05.215Z,image/png,1198,872ea60cd88f240f3e713303d64589311b668653062fce2467cc9ede55ed4c21
set-symbols/C20-common.png,https://r2.videreproject.com/set-symbols/C20-common.png,2026-08-11T06:11:05.820Z,image/png,1085,dca93905c6bed601af197c79e45525d813b94a1e0ceb13fa7029cf4b19533bd9
set-symbols/C20-mythic.png,https://r2.videreproject.com/set-symbols/C20-mythic.png,2026-08-11T06:11:06.369Z,image/png,1397,81458d4bfa3364e250d660163afeef5b5d89467be587fd4eeb3bb9bc82792b7c
set-symbols/C20-rare.png,https://r2.videreproject.com/set-symbols/C20-rare.png,2026-08-11T06:11:06.960Z,image/png,1397,29c99c3fe6d4abdb128cadd2a2f4bf626622eb3754dd297d54b9d8555e51802c
set-symbols/C20-uncommon.png,https://r2.videreproject.com/set-symbols/C20-uncommon.png,2026-08-11T06:11:07.529Z,image/png,1403,e9c9dc383b26fbc7578a1b27a7e0b3c3c9e58872ffadae3b40ea37a9f938395e
set-symbols/C21-common.png,https://r2.videreproject.com/set-symbols/C21-common.png,2026-08-11T06:11:08.133Z,image/png,1140,04206a6e431bd33e0f20797469de17ad23a94aad93e1d23e86a97d46a3b72831
set-symbols/C21-mythic.png,https://r2.videreproject.com/set-symbols/C21-mythic.png,2026-08-11T06:11:08.724Z,image/png,1510,5e46d466d4d0145537cd6ba128a7e4b50f233993fe67455b5cab8319b6fe49c5
set-symbols/C21-rare.png,https://r2.videreproject.com/set-symbols/C21-rare.png,2026-08-11T06:11:09.490Z,image/png,1542,fab1242b4262d2dcdb08f5bc93d8761a075a131f06476f5cc17985b8df6d453e
set-symbols/C21-uncommon.png,https://r2.videreproject.com/set-symbols/C21-uncommon.png,2026-08-11T06:11:10.057Z,image/png,1530,e04b41d343a1c6ec75e5d8f846d67df068fa1a95b4bf9104083cafe7f4758277
set-symbols/CC1-common.png,https://r2.videreproject.com/set-symbols/CC1-common.png,2026-08-11T06:11:10.805Z,image/png,1751,95f17602a933bcfeea90e36a7b7bfac11f45200a005a0b992b71c8a5fa6f6b66
set-symbols/CC1-mythic.png,https://r2.videreproject.com/set-symbols/CC1-mythic.png,2026-08-11T06:11:11.440Z,image/png,2154,1cb5ca00c8421ec085b71c2dc86bc662376a6d3e8ba7bf5c2618efc05f05362e
set-symbols/CC1-rare.png,https://r2.videreproject.com/set-symbols/CC1-rare.png,2026-08-11T06:11:12.043Z,image/png,2263,0d2080593a923434c1ca5ed15dbaf795abb3d5b42c09118fe8884631fd5b77ad
set-symbols/CC1-uncommon.png,https://r2.videreproject.com/set-symbols/CC1-uncommon.png,2026-08-11T06:11:12.658Z,image/png,2210,12346570b5c43d64aab765ff7f4d5c7c486c9fd141fad073d7692f76ff01a816
set-symbols/CH-common.png,https://r2.videreproject.com/set-symbols/CH-common.png,2026-08-11T06:11:13.258Z,image/png,1237,8347e082c98643b031e4140a76eb8ec074cacc4ddbac0d77720302a5f829a446
set-symbols/CH-rare.png,https://r2.videreproject.com/set-symbols/CH-rare.png,2026-08-11T06:11:13.901Z,image/png,1388,959b7b4e9e70c46c1a3e955711d90d745dd2852b3f068676998315817681c360
set-symbols/CH-uncommon.png,https://r2.videreproject.com/set-symbols/CH-uncommon.png,2026-08-11T06:11:14.496Z,image/png,1411,e2f41c8510d34af235d144e5cb641f9e04ebbc742a78ac894870a78058566361
set-symbols/CHK-common.png,https://r2.videreproject.com/set-symbols/CHK-common.png,2026-08-11T06:11:15.157Z,image/png,1193,dc907e7840e726459b0a94d3d4e9eeb005a43a19add0745f8b4ac68070128a76
set-symbols/CHK-rare.png,https://r2.videreproject.com/set-symbols/CHK-rare.png,2026-08-11T06:11:15.743Z,image/png,1264,ff9a3d2620a0057972243f182066292d9bf875309015bb2991410ecb379f3f10
set-symbols/CHK-uncommon.png,https://r2.videreproject.com/set-symbols/CHK-uncommon.png,2026-08-11T06:11:16.437Z,image/png,1330,f7162d661d41be3d33726f15fc2a31c4cd8ae544fa75b0ce5b2ae0bfd69a4fb1
set-symbols/CLB-common.png,https://r2.videreproject.com/set-symbols/CLB-common.png,2026-08-11T06:11:17.084Z,image/png,968,e0e8f55aad84a291768aabe98676c25b753a4cb04e2084b239cae07ab2f02d8a
set-symbols/CLB-mythic.png,https://r2.videreproject.com/set-symbols/CLB-mythic.png,2026-08-11T06:11:17.677Z,image/png,1107,ef71e7457720df79fbc8abc679be329c109551a0d376244c2ca6db4a7f63b2c0
set-symbols/CLB-rare.png,https://r2.videreproject.com/set-symbols/CLB-rare.png,2026-08-11T06:11:18.238Z,image/png,1145,b2e64bf2dec23d3c398835ac49ce8e0c9331aebc42d53030b714559462d2dd6b
set-symbols/CLB-uncommon.png,https://r2.videreproject.com/set-symbols/CLB-uncommon.png,2026-08-11T06:11:18.798Z,image/png,1155,278403c22bed2351bb07c30d74ce439079dad876db9d630a31ab8086b09f4534
set-symbols/CLU-common.png,https://r2.videreproject.com/set-symbols/CLU-common.png,2026-08-11T06:11:19.409Z,image/png,779,5b2a6ad25588964ac83a6a7debbfe1d23c9cb4cec9501aafaf606099bce33c90
set-symbols/CLU-mythic.png,https://r2.videreproject.com/set-symbols/CLU-mythic.png,2026-08-11T06:11:19.968Z,image/png,1254,feb2a9941c24248fc882cdac2bf080d11212bcd464aa070241f2ba7d4c51c490
set-symbols/CLU-rare.png,https://r2.videreproject.com/set-symbols/CLU-rare.png,2026-08-11T06:11:20.679Z,image/png,1302,18cb4c352f72db224d55b75c02f43d27a06d0688c117b78842e4bf954b2bcd89
set-symbols/CLU-uncommon.png,https://r2.videreproject.com/set-symbols/CLU-uncommon.png,2026-08-11T06:11:21.253Z,image/png,1303,9b944985ad96ff9b03c554de84d7e9ffed987aa0fac9f1e1dae75e8b0c4b6660
set-symbols/CMD-common.png,https://r2.videreproject.com/set-symbols/CMD-common.png,2026-08-11T06:11:21.846Z,image/png,782,42acf2e8d8bb3eaac3d784963cd66a353b6fc19115caa00a270f82695b309dff
set-symbols/CMD-mythic.png,https://r2.videreproject.com/set-symbols/CMD-mythic.png,2026-08-11T06:11:22.462Z,image/png,1311,19e823404d8e46944937b596f67b2b4798389217c4f2d85f5e46e8e20aa462ae
set-symbols/CMD-rare.png,https://r2.videreproject.com/set-symbols/CMD-rare.png,2026-08-11T06:11:23.122Z,image/png,1146,b7e7eb2c991fab2745e068a97c479cb3cda4aa952872f0f29c7ca2529230d493
set-symbols/CMD-uncommon.png,https://r2.videreproject.com/set-symbols/CMD-uncommon.png,2026-08-11T06:11:23.788Z,image/png,1143,7539db915444989f2cc5d67688b88648e5af838700f8db139ad0c894cb634db4
set-symbols/CMM-common.png,https://r2.videreproject.com/set-symbols/CMM-common.png,2026-08-11T06:11:24.390Z,image/png,888,72b510afd74b360116c0eb6e4e37c7f923c3ea6f874b100d8238259301d82cbd
set-symbols/CMM-mythic.png,https://r2.videreproject.com/set-symbols/CMM-mythic.png,2026-08-11T06:11:24.956Z,image/png,1364,cbb8cacfc9ef850361e600a56bff2c60e83b5c190bad911b2ea3b648c5aba6b3
set-symbols/CMM-rare.png,https://r2.videreproject.com/set-symbols/CMM-rare.png,2026-08-11T06:11:25.504Z,image/png,1477,bcfc4f39ea78a8d1064b59be20c3b29619b4a566e529af34f3ddb8c9a718670b
set-symbols/CMM-uncommon.png,https://r2.videreproject.com/set-symbols/CMM-uncommon.png,2026-08-11T06:11:26.141Z,image/png,1432,99d4dab5c5ebf8ec3ccaf713e347a95d4f2c00968dbb03dbdc3296286092e108
set-symbols/CMR-common.png,https://r2.videreproject.com/set-symbols/CMR-common.png,2026-08-11T06:11:26.674Z,image/png,888,18bb996b01e721954574b280da3eb484bb8a30b52e5b29683626389a8f4e5603
set-symbols/CMR-mythic.png,https://r2.videreproject.com/set-symbols/CMR-mythic.png,2026-08-11T06:11:27.288Z,image/png,1173,b79f4d7b1b0eeabad67445f1487398db9b38391924b8e9de320210cbce41b3e4
set-symbols/CMR-rare.png,https://r2.videreproject.com/set-symbols/CMR-rare.png,2026-08-11T06:11:27.893Z,image/png,1185,a0c10147891f3a1e9d03a64e97b8f03c8672d0bd2bc420aca96831b6071d44c1
set-symbols/CMR-uncommon.png,https://r2.videreproject.com/set-symbols/CMR-uncommon.png,2026-08-11T06:11:28.478Z,image/png,1199,c0610ecbbcd4f7cf8bf05673ffc075fe090411fdfa84bab233ade92653d074dc
set-symbols/CN2-common.png,https://r2.videreproject.com/set-symbols/CN2-common.png,2026-08-11T06:11:29.042Z,image/png,916,0d84ac6ba9c2309b7386c87317aa126973afeb1f2425bfdc98abac815918349a
set-symbols/CN2-mythic.png,https://r2.videreproject.com/set-symbols/CN2-mythic.png,2026-08-11T06:11:29.714Z,image/png,1509,7647ed0aab127260c46cd7b6cd2b8a9526bc7dcf18aa86134ac2bb2d1e4827e4
set-symbols/CN2-rare.png,https://r2.videreproject.com/set-symbols/CN2-rare.png,2026-08-11T06:11:30.336Z,image/png,1557,dad0d6e1e50a9e073365c19af3772e9738930a2feeb71de4652f560e03777622
set-symbols/CN2-uncommon.png,https://r2.videreproject.com/set-symbols/CN2-uncommon.png,2026-08-11T06:11:30.942Z,image/png,1611,0ba06ba2f7425040727caf4d6170fc32ac468898b0104a7404afb7430b524c57
set-symbols/CNS-common.png,https://r2.videreproject.com/set-symbols/CNS-common.png,2026-08-11T06:11:31.552Z,image/png,814,14b0e3417387422286daef33d16f23e6a2e21f2ee59d519c8f9d1cf542b19f9e
set-symbols/CNS-mythic.png,https://r2.videreproject.com/set-symbols/CNS-mythic.png,2026-08-11T06:11:32.137Z,image/png,968,d447be9fea6378887eb895b38df7169675fc0bf1aade5719d1cfcfc9ac59e68f
set-symbols/CNS-rare.png,https://r2.videreproject.com/set-symbols/CNS-rare.png,2026-08-11T06:11:32.734Z,image/png,1042,412d7fe78b3b631ea021b6ab8b1fee9710037eae41bf1456ee1f252bd42cd5e8
set-symbols/CNS-uncommon.png,https://r2.videreproject.com/set-symbols/CNS-uncommon.png,2026-08-11T06:11:33.330Z,image/png,1054,648ed90b8c631d0e638b8acc8c030151032d505ea178a2be148926f428e11745
set-symbols/CON-common.png,https://r2.videreproject.com/set-symbols/CON-common.png,2026-08-11T06:11:33.996Z,image/png,1341,731802443047a6aaa5292ad138eee811a783485a34b871debc1d7b845bb6cabf
set-symbols/CON-mythic.png,https://r2.videreproject.com/set-symbols/CON-mythic.png,2026-08-11T06:11:34.584Z,image/png,1477,367d83b3c6d8485a43dc837bfb6fadc050683a19c7f368730a26d3a73d33b22a
set-symbols/CON-rare.png,https://r2.videreproject.com/set-symbols/CON-rare.png,2026-08-11T06:11:35.236Z,image/png,1369,f0902689ef21e4af8d9ddbf32ef4a43992772cd75389ae77416fbe7cf1579731
set-symbols/CON-uncommon.png,https://r2.videreproject.com/set-symbols/CON-uncommon.png,2026-08-11T06:11:35.834Z,image/png,1329,9bbb975892ccf2cf977652c809bca0378e9082d6e08de535d4b529c015549526
set-symbols/CSP-common.png,https://r2.videreproject.com/set-symbols/CSP-common.png,2026-08-11T06:11:36.389Z,image/png,1151,ec0d8e650ff628d4ddaf88e4146cfbc3f118dcac33c2f5784494c8dbb2531e04
set-symbols/CSP-rare.png,https://r2.videreproject.com/set-symbols/CSP-rare.png,2026-08-11T06:11:37.040Z,image/png,1191,298d132588fc44023575e8d82804250e053ef100ccafda0d2c365f50759a64be
set-symbols/CSP-uncommon.png,https://r2.videreproject.com/set-symbols/CSP-uncommon.png,2026-08-11T06:11:37.624Z,image/png,1205,644f1d647ceb666e47f5d450a242372c002e31441b6cf00984c5914317d2a47a
set-symbols/D13-common.png,https://r2.videreproject.com/set-symbols/D13-common.png,2026-08-11T06:11:38.305Z,image/png,1683,20c00ef268e4dc169f64e607ca41d1871be85fc624f2a8274675848b7ea299e9
set-symbols/D13-mythic.png,https://r2.videreproject.com/set-symbols/D13-mythic.png,2026-08-11T06:11:38.902Z,image/png,2053,c9f9551700a3d8689cdabbcad17aa6fda70daa7338713f501e5dc65b017eeb88
set-symbols/D13-rare.png,https://r2.videreproject.com/set-symbols/D13-rare.png,2026-08-11T06:11:39.525Z,image/png,2096,5058e8fd51903bc8605e4cd9cb1ca250d2011de4e9efd5758903bbcc3435ddd2
set-symbols/D13-uncommon.png,https://r2.videreproject.com/set-symbols/D13-uncommon.png,2026-08-11T06:11:40.180Z,image/png,2309,eecb886a9f9c33e2e9fab270f1e2b4de7d74426c774e1aa1c694f353aa45e6bb
set-symbols/DAR-common.png,https://r2.videreproject.com/set-symbols/DAR-common.png,2026-08-11T06:11:40.737Z,image/png,949,0b1161768f8a47b3245e412c91934a806b2061f7ac6c18fcbd236c4a24bdf28b
set-symbols/DAR-mythic.png,https://r2.videreproject.com/set-symbols/DAR-mythic.png,2026-08-11T06:11:41.376Z,image/png,1201,c7a16959d25bc35c1cd9320d0b03cbbe382c9465293bac6deb1735e2850b9493
set-symbols/DAR-rare.png,https://r2.videreproject.com/set-symbols/DAR-rare.png,2026-08-11T06:11:41.981Z,image/png,1274,76524267fbeb53eb11570161fecb10ba9982fa50ad1e10ec5c6ca632e539f925
set-symbols/DAR-uncommon.png,https://r2.videreproject.com/set-symbols/DAR-uncommon.png,2026-08-11T06:11:42.636Z,image/png,1313,655a56de3593168a07faf6615da6bbf7a69cb5bea3f57d40b9a123ca5a3f1456
set-symbols/DBL-common.png,https://r2.videreproject.com/set-symbols/DBL-common.png,2026-08-11T06:11:43.280Z,image/png,2698,de28c0fe9c6560baa4bf648405edc5869db3b5851f98c3145656d8f45e2c3867
set-symbols/DD2-common.png,https://r2.videreproject.com/set-symbols/DD2-common.png,2026-08-11T06:11:43.952Z,image/png,1373,348b6059cc44518a58d343efc315286d7647618e2f6367cd31f200cd33bfb419
set-symbols/DD2-mythic.png,https://r2.videreproject.com/set-symbols/DD2-mythic.png,2026-08-11T06:11:44.683Z,image/png,1749,56796219b3256bee69ad56a65cc562c7c78296dc143d73e242350cf69eb7df5e
set-symbols/DD2-rare.png,https://r2.videreproject.com/set-symbols/DD2-rare.png,2026-08-11T06:11:45.314Z,image/png,1788,97d7dd4c2253cdcd391176f79ac2be718d391ded55243fb0ef3b58ff52a49d94
set-symbols/DD2-uncommon.png,https://r2.videreproject.com/set-symbols/DD2-uncommon.png,2026-08-11T06:11:45.945Z,image/png,1827,717d3250e018649e37073e878532d8e9bef7a55076cfbfdf5d0d947d8cb0cf21
set-symbols/DDC-common.png,https://r2.videreproject.com/set-symbols/DDC-common.png,2026-08-11T06:11:46.533Z,image/png,1536,100dffa02fc663f48c6b2461e44e49f21caac479df4ab13cbc6a29f8630aa2ba
set-symbols/DDC-mythic.png,https://r2.videreproject.com/set-symbols/DDC-mythic.png,2026-08-11T06:11:47.420Z,image/png,1752,fe1ecfdbed536e7402caa0ae7638d9c30e494bc7917f61effbc001771d85a88e
set-symbols/DDC-rare.png,https://r2.videreproject.com/set-symbols/DDC-rare.png,2026-08-11T06:11:48.673Z,image/png,1769,445c2fcc5551e9a0375c36ca4506b8430ead67908f7993171f908846c0a2dbee
set-symbols/DDC-uncommon.png,https://r2.videreproject.com/set-symbols/DDC-uncommon.png,2026-08-11T06:11:49.663Z,image/png,1779,428607a82d3a86b11ae7667f3657ba08534677b0ee20993c94ffcb652c947bc9
set-symbols/DDD-common.png,https://r2.videreproject.com/set-symbols/DDD-common.png,2026-08-11T06:11:50.245Z,image/png,1543,f7ca0ecd51bf7b286de1da493f1e9cb26888563be9606ac901fbe88935e5df6d
set-symbols/DDD-mythic.png,https://r2.videreproject.com/set-symbols/DDD-mythic.png,2026-08-11T06:11:50.860Z,image/png,1903,24e1b22079ff7092d854cb5f9bafbacaff20691a04b45cce73a63a4b0f2b4f1c
set-symbols/DDD-rare.png,https://r2.videreproject.com/set-symbols/DDD-rare.png,2026-08-11T06:11:51.487Z,image/png,1764,d7520130eba2f30238f5a3fb70d90ae1144ce6ad17a3a55ae7e0723ca25fc45a
set-symbols/DDD-uncommon.png,https://r2.videreproject.com/set-symbols/DDD-uncommon.png,2026-08-11T06:11:52.081Z,image/png,1780,2235c871ead07d9409879b147cbdd2cc7a267bbd6577037b24b1f63cd2b58d11
set-symbols/DDE-common.png,https://r2.videreproject.com/set-symbols/DDE-common.png,2026-08-11T06:11:52.695Z,image/png,1416,1aff0c10c25401607f4108cc2380c11cb4e42a43800e19e838d496f6a5056f56
set-symbols/DDE-mythic.png,https://r2.videreproject.com/set-symbols/DDE-mythic.png,2026-08-11T06:11:53.277Z,image/png,1681,7bb08e17d0e37b9c61f8299ced648ad7d500ec477f2a5e71a6f85c54afbfff4e
set-symbols/DDE-rare.png,https://r2.videreproject.com/set-symbols/DDE-rare.png,2026-08-11T06:11:54.047Z,image/png,1592,6ff0a153673336ae8943f77eba0a04178050b5b7af71afdabaed1ce25f446193
set-symbols/DDE-uncommon.png,https://r2.videreproject.com/set-symbols/DDE-uncommon.png,2026-08-11T06:11:54.668Z,image/png,1602,c836586888c4ed88854240f8c737f9c644188f02a4bc432a7fc7282aea34f8b7
set-symbols/DDF-common.png,https://r2.videreproject.com/set-symbols/DDF-common.png,2026-08-11T06:11:55.278Z,image/png,965,57ce5aa1941354840025c9307cf58bb30e7a433ed522ff80af1d1c6c706f408e
set-symbols/DDF-mythic.png,https://r2.videreproject.com/set-symbols/DDF-mythic.png,2026-08-11T06:11:55.880Z,image/png,1289,91d0a5cbd87d843dd77f300f63016381566f3c1a04cacc9a497ba6b212cf19a1
set-symbols/DDF-rare.png,https://r2.videreproject.com/set-symbols/DDF-rare.png,2026-08-11T06:11:56.515Z,image/png,1270,825368fcd1fb9c7b53dbcead6c630189e0ce6bfc1acb6693dd6ab743e68e299d
set-symbols/DDF-uncommon.png,https://r2.videreproject.com/set-symbols/DDF-uncommon.png,2026-08-11T06:11:57.119Z,image/png,1311,cc52736b75cb6ddab3d8c294132c78a9c8b603c7dec95850e4a359dd8fcaecf3
set-symbols/DDG-common.png,https://r2.videreproject.com/set-symbols/DDG-common.png,2026-08-11T06:11:57.713Z,image/png,1146,41f9bb1215f4f8174791ff9879e4cc39c8a8dbf772323f230af29d86f25dc096
set-symbols/DDG-mythic.png,https://r2.videreproject.com/set-symbols/DDG-mythic.png,2026-08-11T06:11:58.307Z,image/png,1568,7eda4b6056eb91a2021f40005a8e513193169af841d4fad979f14375b3584d6e
set-symbols/DDG-rare.png,https://r2.videreproject.com/set-symbols/DDG-rare.png,2026-08-11T06:11:58.936Z,image/png,1404,3ada04aa9eae69dc12762b35f131b0675f6e3bbfe276fffb5cdef02d33e3e4b9
set-symbols/DDG-uncommon.png,https://r2.videreproject.com/set-symbols/DDG-uncommon.png,2026-08-11T06:11:59.503Z,image/png,1404,551bb85e12bcb2a27eb953a37f9a77a57664740e2b459beead990d4903e5b90f
set-symbols/DDH-common.png,https://r2.videreproject.com/set-symbols/DDH-common.png,2026-08-11T06:12:00.243Z,image/png,1352,b4c3dfe941d915bfc2a2d93bb1c46b485c6e896c5a6b02829fa13a4d881a3991
set-symbols/DDH-mythic.png,https://r2.videreproject.com/set-symbols/DDH-mythic.png,2026-08-11T06:12:00.865Z,image/png,1804,4ad0fe48bc2987b859fee26ab15c4c9addbc78f90e6a61e8eafc1c0d214bee13
set-symbols/DDH-rare.png,https://r2.videreproject.com/set-symbols/DDH-rare.png,2026-08-11T06:12:01.474Z,image/png,1632,bf53a1f20a507a640e87ce35ddc3efff14cb6651caf62ed9c2dc70b814a59a0b
set-symbols/DDH-uncommon.png,https://r2.videreproject.com/set-symbols/DDH-uncommon.png,2026-08-11T06:12:02.046Z,image/png,1672,7b89d8a1309b4e9fb47a2ba4952d0f29eeb53d206c8a8c789a75b95032d58611
set-symbols/DDI-common.png,https://r2.videreproject.com/set-symbols/DDI-common.png,2026-08-11T06:12:02.875Z,image/png,1096,3fd244009f1b47802116b2670626d418b9fe9d7c283289c9cd67a0c527b86cc7
set-symbols/DDI-mythic.png,https://r2.videreproject.com/set-symbols/DDI-mythic.png,2026-08-11T06:12:03.526Z,image/png,1546,a19508be5e887e9d0329f2700c8d85253aa63807932e65f02b5a60e8a27bd475
set-symbols/DDI-rare.png,https://r2.videreproject.com/set-symbols/DDI-rare.png,2026-08-11T06:12:04.137Z,image/png,1436,8847b2a559410c8972ff2c244faecbc9f20a1983cd5cac79abc2481f4ca57d6e
set-symbols/DDI-uncommon.png,https://r2.videreproject.com/set-symbols/DDI-uncommon.png,2026-08-11T06:12:04.734Z,image/png,1414,17b810f384c1d0496aa55c097a9fea393a1d9f8064954abf96d2006f759765bb
set-symbols/DDJ-common.png,https://r2.videreproject.com/set-symbols/DDJ-common.png,2026-08-11T06:12:05.376Z,image/png,1041,12efe6a441420f45374a96d6823064586bd0ce6c2f4d0816b722188e209ce837
set-symbols/DDJ-mythic.png,https://r2.videreproject.com/set-symbols/DDJ-mythic.png,2026-08-11T06:12:05.978Z,image/png,1312,0d49057ed0686021e7bd7510dcdce7f2b2da00e5819bd21d222f533ffdeec757
set-symbols/DDJ-rare.png,https://r2.videreproject.com/set-symbols/DDJ-rare.png,2026-08-11T06:12:06.593Z,image/png,1180,edc68f8a98e9c1feef4cbe231a3f192250a4d25eb9db937d557689ee590c650c
set-symbols/DDJ-uncommon.png,https://r2.videreproject.com/set-symbols/DDJ-uncommon.png,2026-08-11T06:12:07.207Z,image/png,1195,24d0a8cb01dcdf3dfdf28e023671111e524acaec1e76b78d076f5ab2a216b9a7
set-symbols/DDK-common.png,https://r2.videreproject.com/set-symbols/DDK-common.png,2026-08-11T06:12:08.228Z,image/png,1066,a02485f98c3936aaed810624d7a0e9acb005e5d98ff7f3ff2e14301943ca1e82
set-symbols/DDK-mythic.png,https://r2.videreproject.com/set-symbols/DDK-mythic.png,2026-08-11T06:12:08.805Z,image/png,1251,ae96b7df4d23c5b74f678fb1052c0dae29fd79ec5d58c8ee2292e3c456e48b3a
set-symbols/DDK-rare.png,https://r2.videreproject.com/set-symbols/DDK-rare.png,2026-08-11T06:12:09.441Z,image/png,1200,442bbe5a3c0fdd3b4b9b47265dd5b19891b4ffa36ed845545d521ae8bb605cdd
set-symbols/DDK-uncommon.png,https://r2.videreproject.com/set-symbols/DDK-uncommon.png,2026-08-11T06:12:10.072Z,image/png,1199,44c793f794115b15ef5416397b804d9630ea35a8bfaacba47d443bea016d2bb8
set-symbols/DDL-common.png,https://r2.videreproject.com/set-symbols/DDL-common.png,2026-08-11T06:12:10.647Z,image/png,1142,66bbb96ea81ebb6ef3f81ec8ffbdf918d7ec3b5fcfc6c0e6a33dfc444f18c28c
set-symbols/DDL-mythic.png,https://r2.videreproject.com/set-symbols/DDL-mythic.png,2026-08-11T06:12:11.492Z,image/png,1646,66d17d901d98d9f96cb3208079f0d69e7d268fab2c1ad3c922a621a98ddcfb0a
set-symbols/DDL-rare.png,https://r2.videreproject.com/set-symbols/DDL-rare.png,2026-08-11T06:12:12.302Z,image/png,1595,757ace1b2fc2b58417a099925156edf143701da73c20e0f498a1a6b906bcbaa5
set-symbols/DDL-uncommon.png,https://r2.videreproject.com/set-symbols/DDL-uncommon.png,2026-08-11T06:12:13.030Z,image/png,1577,65a6880592a17a169fbf61f804c80c69218af2cf596960f35c90a06e02ef5087
set-symbols/DDM-common.png,https://r2.videreproject.com/set-symbols/DDM-common.png,2026-08-11T06:12:13.653Z,image/png,966,1d5c2602e34ba183f741ef5a8a1dd5cc1a74d54b868771e0d57898d418d7c14d
set-symbols/DDM-mythic.png,https://r2.videreproject.com/set-symbols/DDM-mythic.png,2026-08-11T06:12:14.482Z,image/png,1316,f8918915e2bdf27bcea92b8f16af8ef5977b64454ddbafb72db9406a24a3e07b
set-symbols/DDM-rare.png,https://r2.videreproject.com/set-symbols/DDM-rare.png,2026-08-11T06:12:15.215Z,image/png,1181,7f7b84cc18089c1446004c15dc8316f0bae66db5a73a5b9ad8fd476ef15c017f
set-symbols/DDM-uncommon.png,https://r2.videreproject.com/set-symbols/DDM-uncommon.png,2026-08-11T06:12:15.802Z,image/png,1170,0af59e089581c14b27fed9d568fa4fb31ab9f320d050bb7ba9508dffde76b5dd
set-symbols/DDP-common.png,https://r2.videreproject.com/set-symbols/DDP-common.png,2026-08-11T06:12:16.433Z,image/png,740,297e948c8711495ddf3bc6a697ea44c4ac6bfb11784bc21af75a7b74f7233d08
set-symbols/DDP-mythic.png,https://r2.videreproject.com/set-symbols/DDP-mythic.png,2026-08-11T06:12:17.309Z,image/png,1111,8a3c1124f2559495de49943f176fe90e040d9288387d1899c3c4349d7f95bc57
set-symbols/DDP-rare.png,https://r2.videreproject.com/set-symbols/DDP-rare.png,2026-08-11T06:12:18.129Z,image/png,1154,ddbcaa40b261bab0c7b369eb00fd5a7c5eda31888e496d130193abee4d56934f
set-symbols/DDP-uncommon.png,https://r2.videreproject.com/set-symbols/DDP-uncommon.png,2026-08-11T06:12:18.686Z,image/png,1133,049f2d95a489f5a187b00e30dade66a9e9b6cb9b98e3c312e41b72360aae8877
set-symbols/DFT-common.png,https://r2.videreproject.com/set-symbols/DFT-common.png,2026-08-11T06:12:19.346Z,image/png,2231,37468b5576b5ed7700070598acd99d45c3c15b41e4b29c4802d1b278d995dde5
set-symbols/DFT-mythic.png,https://r2.videreproject.com/set-symbols/DFT-mythic.png,2026-08-11T06:12:20.026Z,image/png,2421,3162338c8aaccc5c894f15e694a2b18db55256f49e846a1687bc32c61ee6bc94
set-symbols/DFT-rare.png,https://r2.videreproject.com/set-symbols/DFT-rare.png,2026-08-11T06:12:20.594Z,image/png,2475,463501d574be5527b6bad8b070a5d050592f2397790450185cea0c511c78248d
set-symbols/DFT-uncommon.png,https://r2.videreproject.com/set-symbols/DFT-uncommon.png,2026-08-11T06:12:21.194Z,image/png,2523,2716833541063d8a33d90e885b468427f0b82770cb5627387c7d6eb0fa0e350e
set-symbols/DGM-common.png,https://r2.videreproject.com/set-symbols/DGM-common.png,2026-08-11T06:12:21.755Z,image/png,1393,8efeba47acdaa67e722990edb6f6fd959144f91630e1cc4a44bf949eef7d09eb
set-symbols/DGM-mythic.png,https://r2.videreproject.com/set-symbols/DGM-mythic.png,2026-08-11T06:12:22.325Z,image/png,1782,39e187c9df0ef86a743c057771885c847fa8785916aa9ffcc47336e28d08b58a
set-symbols/DGM-rare.png,https://r2.videreproject.com/set-symbols/DGM-rare.png,2026-08-11T06:12:22.897Z,image/png,1564,19810e1cc0be2a2cf01255ca68171f39027c9fb37e5b4d15231602ea412748b8
set-symbols/DGM-uncommon.png,https://r2.videreproject.com/set-symbols/DGM-uncommon.png,2026-08-11T06:12:23.469Z,image/png,1620,9c2e7ab7386e1bb7afa478c8a2e02a7c9da583b8af96b54bde039b9b5c066ac2
set-symbols/DIS-common.png,https://r2.videreproject.com/set-symbols/DIS-common.png,2026-08-11T06:12:24.115Z,image/png,1151,3599af845399177eb141bc60f87ef05704899554cd1467969a917ebc237f3d78
set-symbols/DIS-rare.png,https://r2.videreproject.com/set-symbols/DIS-rare.png,2026-08-11T06:12:24.822Z,image/png,1337,66e41e79d4add2df9c166181edaae6e1cb6e9f322bc19812576fd7ed0629a2d6
set-symbols/DIS-uncommon.png,https://r2.videreproject.com/set-symbols/DIS-uncommon.png,2026-08-11T06:12:25.650Z,image/png,1364,d7f3718538ad113e935e3305b60f870c91ba4b29860b301ccf8a21818e8275ea
set-symbols/DK-common.png,https://r2.videreproject.com/set-symbols/DK-common.png,2026-08-11T06:12:26.527Z,image/png,1350,1f0b5249a936f4ba538f465df2bd9b37db952a2341beda5bf61ffa8ea2b6a3fb
set-symbols/DK-rare.png,https://r2.videreproject.com/set-symbols/DK-rare.png,2026-08-11T06:12:27.200Z,image/png,1489,234668bb3cad868b1e5648fafbdb0cba8e6238ea0201cfb1c9cac933f560a4cd
set-symbols/DK-uncommon.png,https://r2.videreproject.com/set-symbols/DK-uncommon.png,2026-08-11T06:12:27.784Z,image/png,1480,d89ea46d5fe4144188cba053fa7dcd0331c6aba64e05dbdaa3bb2f784a1cf4d9
set-symbols/DKA-common.png,https://r2.videreproject.com/set-symbols/DKA-common.png,2026-08-11T06:12:28.490Z,image/png,1300,8bbdf7a06f15158730fe8fd26d206f726f41bddb81c6e5a1815c261acd2e936b
set-symbols/DKA-mythic.png,https://r2.videreproject.com/set-symbols/DKA-mythic.png,2026-08-11T06:12:29.209Z,image/png,1770,8fb51754ad7cd74386cb1731166e61f1f4e602e7f4beae8fa9fd83a4b205dd1c
set-symbols/DKA-rare.png,https://r2.videreproject.com/set-symbols/DKA-rare.png,2026-08-11T06:12:29.804Z,image/png,1583,26da866b055aebef28455d6940d4b9db7b240999405236195ab7e7dc892aba03
set-symbols/DKA-uncommon.png,https://r2.videreproject.com/set-symbols/DKA-uncommon.png,2026-08-11T06:12:30.344Z,image/png,1583,66491294cf78330e0dddbdc55e2cdb8d3721f676cb4dd0da85eaad1d8ed9a7b7
set-symbols/DMC-common.png,https://r2.videreproject.com/set-symbols/DMC-common.png,2026-08-11T06:12:30.978Z,image/png,1109,c27df32c7d96f25176b10ca0939923e9bfadf4c9880093fc52acb303715eb08b
set-symbols/DMC-mythic.png,https://r2.videreproject.com/set-symbols/DMC-mythic.png,2026-08-11T06:12:31.591Z,image/png,1370,6a52df9017b1ab2104ec565a8cb9225ecb5a851aa5d9da107ce028afb2332505
set-symbols/DMC-rare.png,https://r2.videreproject.com/set-symbols/DMC-rare.png,2026-08-11T06:12:32.188Z,image/png,1324,cc54c81fc2f264fb1c81e1e3b9e655dad40820feed94f44e413e9a24fb95752a
set-symbols/DMC-uncommon.png,https://r2.videreproject.com/set-symbols/DMC-uncommon.png,2026-08-11T06:12:32.740Z,image/png,1432,9a7864e2757529d1b2d27010b069752ceb4fc6ba863a14cf219485d8b124b6e2
set-symbols/DMR-common.png,https://r2.videreproject.com/set-symbols/DMR-common.png,2026-08-11T06:12:33.366Z,image/png,1267,62254db12fa850960883f5f3999531db818f90e494056d726ea06dc83b544fe8
set-symbols/DMR-mythic.png,https://r2.videreproject.com/set-symbols/DMR-mythic.png,2026-08-11T06:12:34.223Z,image/png,1623,ad05014e0aa140115156fe4aa7bd2052322f4f87ffbb248d902a291dc80d3888
set-symbols/DMR-rare.png,https://r2.videreproject.com/set-symbols/DMR-rare.png,2026-08-11T06:12:34.957Z,image/png,1682,1bfd9de33adb9002a2260cde4ce8aed27b29ed776524e6d23de7b67892ed6675
set-symbols/DMR-uncommon.png,https://r2.videreproject.com/set-symbols/DMR-uncommon.png,2026-08-11T06:12:35.537Z,image/png,1708,e7138a4d99d08a90e322f7758cd69ed400281528a47a2caa025b29ffe09198b3
set-symbols/DMU-common.png,https://r2.videreproject.com/set-symbols/DMU-common.png,2026-08-11T06:12:36.757Z,image/png,1197,78fd4acfe0203a088c2060cffcc57754dd3d353e362fcebd8080b3cd97f408cd
set-symbols/DMU-mythic.png,https://r2.videreproject.com/set-symbols/DMU-mythic.png,2026-08-11T06:12:37.330Z,image/png,1447,c13aed033f63516437206b405c31c89b1f09ec09cd0faf0e133f5bca845a3876
set-symbols/DMU-rare.png,https://r2.videreproject.com/set-symbols/DMU-rare.png,2026-08-11T06:12:37.960Z,image/png,1533,0d59c5c8763de3b90df5252524b312135abadea17ffcec1a6d731746ee99467d
set-symbols/DMU-uncommon.png,https://r2.videreproject.com/set-symbols/DMU-uncommon.png,2026-08-11T06:12:38.508Z,image/png,1558,6e43952f93011ec1df26ce0dad87c860b53c4a107147d45851e3272a133e43f2
set-symbols/DPA-common.png,https://r2.videreproject.com/set-symbols/DPA-common.png,2026-08-11T06:12:39.262Z,image/png,1464,28c141d932436ca73f6aa36ef5b5b2c702e183a6682beb32395ec479cbb8dc0f
set-symbols/DPA-mythic.png,https://r2.videreproject.com/set-symbols/DPA-mythic.png,2026-08-11T06:12:39.861Z,image/png,1644,8e94ea2e16d59593a6c3a14c9dfb005d184582f7e3ad60fca25ad4b5b6a58b1e
set-symbols/DPA-rare.png,https://r2.videreproject.com/set-symbols/DPA-rare.png,2026-08-11T06:12:40.463Z,image/png,1823,c87d1772ae460ba414b1137e6895eee6315e3c13a6e22f7c47e7e3346b84d353
set-symbols/DPA-uncommon.png,https://r2.videreproject.com/set-symbols/DPA-uncommon.png,2026-08-11T06:12:41.177Z,image/png,1852,2507ccd3ed95c91e88af6521cdcea7afb6b9f2496403907bae2e526ffdd9e3dd
set-symbols/DPW-common.png,https://r2.videreproject.com/set-symbols/DPW-common.png,2026-08-11T06:12:41.910Z,image/png,1653,922a41294ecf0c0593bdeca1f4a2e00555ed7c14acd701c2008859438ebb5542
set-symbols/DPW-mythic.png,https://r2.videreproject.com/set-symbols/DPW-mythic.png,2026-08-11T06:12:42.497Z,image/png,2317,f1da2ce23f5f328c399341666c059f3f12f73a7c81b3413f519699e43fbe0125
set-symbols/DPW-rare.png,https://r2.videreproject.com/set-symbols/DPW-rare.png,2026-08-11T06:12:43.110Z,image/png,2322,0b744d7fc59e3442598da8a0fffacfd6a1382e9873600e9fed69aacdefdd345c
set-symbols/DPW-uncommon.png,https://r2.videreproject.com/set-symbols/DPW-uncommon.png,2026-08-11T06:12:43.686Z,image/png,2407,f974777591c12927721684978b17a3c6be3f6de7360de5b9f385a88b6695f7ba
set-symbols/DRB-rare.png,https://r2.videreproject.com/set-symbols/DRB-rare.png,2026-08-11T06:12:44.274Z,image/png,1629,49481580d11674403844eefc194f74a5566bd5ce1de4ffda54409187fc47d4c7
set-symbols/DRC-common.png,https://r2.videreproject.com/set-symbols/DRC-common.png,2026-08-11T06:12:44.877Z,image/png,2003,8c4e21b7dc81b7186b9f5c798a86ec44b73b8f5438a48d8d2ad63c311d640029
set-symbols/DRC-mythic.png,https://r2.videreproject.com/set-symbols/DRC-mythic.png,2026-08-11T06:12:45.947Z,image/png,2270,8fbe1116fceb7c2c92ae61d7c96418c58415e24f235a08b02cf7bfa81bf34737
set-symbols/DRC-rare.png,https://r2.videreproject.com/set-symbols/DRC-rare.png,2026-08-11T06:12:46.573Z,image/png,2310,e6f28a97e97ee1db12267b0446c4096b92f00ad6d51f381c8b92afcc23591cd7
set-symbols/DRC-uncommon.png,https://r2.videreproject.com/set-symbols/DRC-uncommon.png,2026-08-11T06:12:47.212Z,image/png,2314,76d4b6044aa8339d392966223310f8bd47041e4faa549e82b27189fd8febb63b
set-symbols/DSC-common.png,https://r2.videreproject.com/set-symbols/DSC-common.png,2026-08-11T06:12:47.800Z,image/png,1609,fdb0138c7e7e742ef9b44f4fed3b5a17ef58c077ab654bd56465111fb52a3d85
set-symbols/DSC-mythic.png,https://r2.videreproject.com/set-symbols/DSC-mythic.png,2026-08-11T06:12:48.464Z,image/png,2123,ecf7782c8aa96f239d0142ed7624a535a7dcce47e8126f0c748639fe43d45095
set-symbols/DSC-rare.png,https://r2.videreproject.com/set-symbols/DSC-rare.png,2026-08-11T06:12:49.025Z,image/png,2169,a3cf4e9823fa1ece8fcfc1d0bf4296db8eeefc5c7df14fecec5c874b0a110ee0
set-symbols/DSC-uncommon.png,https://r2.videreproject.com/set-symbols/DSC-uncommon.png,2026-08-11T06:12:49.629Z,image/png,2149,1bb99b1680127589439294d204af641e26b02f780b1a2d87b92303ba1b04b980
set-symbols/DSK-common.png,https://r2.videreproject.com/set-symbols/DSK-common.png,2026-08-11T06:12:50.233Z,image/png,1827,a612731227c909cb48105b96d9142f1dd0c4295ea31b8db6f628217fe9dc9976
set-symbols/DSK-mythic.png,https://r2.videreproject.com/set-symbols/DSK-mythic.png,2026-08-11T06:12:50.783Z,image/png,2470,edccb563d49907408218b79188accd13da258d705faae30c9ff419a4059ee362
set-symbols/DSK-rare.png,https://r2.videreproject.com/set-symbols/DSK-rare.png,2026-08-11T06:12:51.411Z,image/png,2519,e624c3836fd11747d72d016303c3cec1402c6f6e383d3684bb9cf73f060d4d26
set-symbols/DSK-uncommon.png,https://r2.videreproject.com/set-symbols/DSK-uncommon.png,2026-08-11T06:12:53.106Z,image/png,2560,94168a45cd331ecb4b17ea4bbac0888c08136b0829d220adf03797fc4ef58ea8
set-symbols/DST-common.png,https://r2.videreproject.com/set-symbols/DST-common.png,2026-08-11T06:12:53.741Z,image/png,1340,9f373d34e00071c79bbda4a4dc8924c9f7c756f3bb63493161e26e3cec285b5b
set-symbols/DST-rare.png,https://r2.videreproject.com/set-symbols/DST-rare.png,2026-08-11T06:12:54.390Z,image/png,1596,82b73238e2f351b11743cfac5fa737bb08f676013fbbbe94ddeb3cb448921241
set-symbols/DST-uncommon.png,https://r2.videreproject.com/set-symbols/DST-uncommon.png,2026-08-11T06:12:55.352Z,image/png,1616,b1408ef9e15144940669e06813721349f54753878b820627d46ef4374b59b42d
set-symbols/DTK-common.png,https://r2.videreproject.com/set-symbols/DTK-common.png,2026-08-11T06:12:55.905Z,image/png,15727,815da72ec84a86ae396312bd3763e0aa85a900bc97c76e060d263f937f2c8c4b
set-symbols/DTK-mythic.png,https://r2.videreproject.com/set-symbols/DTK-mythic.png,2026-08-11T06:12:56.535Z,image/png,2005,7717784cbd611bf042e57314229cec843424bf98bb958a5e91b8378df0984b4e
set-symbols/DTK-rare.png,https://r2.videreproject.com/set-symbols/DTK-rare.png,2026-08-11T06:12:57.123Z,image/png,2062,f31c19011c17fa2b66dc5177d7e23b433ff059a80a6ade102183116297169e1c
set-symbols/DTK-uncommon.png,https://r2.videreproject.com/set-symbols/DTK-uncommon.png,2026-08-11T06:12:57.740Z,image/png,2067,82464b1e9a27d7e2b037434098666f40548a9b0d8274fc95623c6f7e625ba1b7
set-symbols/ECC-common.png,https://r2.videreproject.com/set-symbols/ECC-common.png,2026-08-11T06:12:58.286Z,image/png,2310,0ae4e03befa339de8444d9c6b1ac5419412ce84437baf909e6dfb16a26d78f22
set-symbols/ECC-mythic.png,https://r2.videreproject.com/set-symbols/ECC-mythic.png,2026-08-11T06:12:58.881Z,image/png,2628,e2c2c1697661217f5b268c6109ec64d3f5b7d045415b736faa374f9caa4be13b
set-symbols/ECC-rare.png,https://r2.videreproject.com/set-symbols/ECC-rare.png,2026-08-11T06:12:59.606Z,image/png,2649,90aa7f41040590cbb9efb64258bd300eab80bd21abba25bfe532dcd5f92e795d
set-symbols/ECC-uncommon.png,https://r2.videreproject.com/set-symbols/ECC-uncommon.png,2026-08-11T06:13:00.239Z,image/png,2672,1fbc7da431e3ea943eb639034671a203a1de9084ab281011aba090e3b9c7af68
set-symbols/ECL-common.png,https://r2.videreproject.com/set-symbols/ECL-common.png,2026-08-11T06:13:00.856Z,image/png,2266,f5214c63f0dddbd4ea7b3cec36773018b081013a8cf3beb132f081022ecc58b0
set-symbols/ECL-mythic.png,https://r2.videreproject.com/set-symbols/ECL-mythic.png,2026-08-11T06:13:01.496Z,image/png,2776,225fce1a8339667f75db8259989990c05090e9bda7a70f32b53eb3d9d9fa9f9c
set-symbols/ECL-rare.png,https://r2.videreproject.com/set-symbols/ECL-rare.png,2026-08-11T06:13:02.134Z,image/png,2841,b9508f94d873b99d924b6953b2f5e0db7907366a1d485a250486a1c843161576
set-symbols/ECL-uncommon.png,https://r2.videreproject.com/set-symbols/ECL-uncommon.png,2026-08-11T06:13:03.257Z,image/png,2872,5da94de294b2a39a7170999799118fde263c0fe46e186fa1df5e24116e104383
set-symbols/ELD-common.png,https://r2.videreproject.com/set-symbols/ELD-common.png,2026-08-11T06:13:03.880Z,image/png,988,055004041b71a1efacb4a4bc89c158c3961148c7ba23c4d22854097a82fcd67d
set-symbols/ELD-mythic.png,https://r2.videreproject.com/set-symbols/ELD-mythic.png,2026-08-11T06:13:04.492Z,image/png,987,c74ce44b524c1c50aaee46d4846aea9b4d63a834b0c682c0b0458a7dac4ed33b
set-symbols/ELD-rare.png,https://r2.videreproject.com/set-symbols/ELD-rare.png,2026-08-11T06:13:05.060Z,image/png,1035,a7a492b55bc97997b7db3485e5cd6ae3c4fa61f9816d2bd7aef30da9923e8e4d
set-symbols/ELD-uncommon.png,https://r2.videreproject.com/set-symbols/ELD-uncommon.png,2026-08-11T06:13:05.897Z,image/png,1056,bd965d116824a053ac510fee8e7111bde961ff92f871c043f005fabbb587d8aa
set-symbols/EMA-common.png,https://r2.videreproject.com/set-symbols/EMA-common.png,2026-08-11T06:13:06.671Z,image/png,1529,0100d3a22aabb4135ee3ebf5c377b71848dbf8a36748fa496a9b4428b9f9285c
set-symbols/EMA-mythic.png,https://r2.videreproject.com/set-symbols/EMA-mythic.png,2026-08-11T06:13:07.302Z,image/png,2112,1623568ccaa8fee092286e80917b8040e711763833826ec873fcc2a3f7b2fab3
set-symbols/EMA-rare.png,https://r2.videreproject.com/set-symbols/EMA-rare.png,2026-08-11T06:13:07.980Z,image/png,2150,b4458c508b430211b6aadc106920bee123e64eb930de30361085662329e6763a
set-symbols/EMA-uncommon.png,https://r2.videreproject.com/set-symbols/EMA-uncommon.png,2026-08-11T06:13:08.547Z,image/png,2199,5a2cf973be82ac1fa56c47a380577002701d87dbbdf3d422f6a0be313f2788cc
set-symbols/EMN-common.png,https://r2.videreproject.com/set-symbols/EMN-common.png,2026-08-11T06:13:09.100Z,image/png,2071,99b8ba59e4df7f70e3f1bf39f47e4c51073fee6d0c3b1c6e5fe1384bc0e46539
set-symbols/EMN-mythic.png,https://r2.videreproject.com/set-symbols/EMN-mythic.png,2026-08-11T06:13:09.703Z,image/png,2784,b1bc6494615ac8043272828d06c896a259f69a2a8d6eced2609a50fad17dd7b4
set-symbols/EMN-rare.png,https://r2.videreproject.com/set-symbols/EMN-rare.png,2026-08-11T06:13:10.283Z,image/png,2769,4471dbf94512d5026d7d119328dccd2a697a33da4ec60df4b9e9037a38907302
set-symbols/EMN-uncommon.png,https://r2.videreproject.com/set-symbols/EMN-uncommon.png,2026-08-11T06:13:10.947Z,image/png,2806,24d62e651033a66bf408760b8dea41cfd116e3407f5876de695059cb85df5eab
set-symbols/EOC-common.png,https://r2.videreproject.com/set-symbols/EOC-common.png,2026-08-11T06:13:11.514Z,image/png,1200,5d85b44860385c4c1fa592bc56ee3a417e73eb0ce7f07a435116b0a062267960
set-symbols/EOC-mythic.png,https://r2.videreproject.com/set-symbols/EOC-mythic.png,2026-08-11T06:13:12.247Z,image/png,1877,0af9f0b684919cd613563f7cb07859e0727698c10a8032e29dd0f37337e34f93
set-symbols/EOC-rare.png,https://r2.videreproject.com/set-symbols/EOC-rare.png,2026-08-11T06:13:12.985Z,image/png,1925,ffa7efc3ef74ab1a358db9c5586c9f206f99964fb4e54910edaaed170f5c7032
set-symbols/EOC-uncommon.png,https://r2.videreproject.com/set-symbols/EOC-uncommon.png,2026-08-11T06:13:13.669Z,image/png,1938,65847b523a69c95ecb4aa70362f760880ce94efa39a9b5c3bfd0edddd1b2d603
set-symbols/EOE-common.png,https://r2.videreproject.com/set-symbols/EOE-common.png,2026-08-11T06:13:14.478Z,image/png,1160,b61e9c0641c76b6ca3a3596c6a976422563a2532497f08a6ce2669937ec5f198
set-symbols/EOE-mythic.png,https://r2.videreproject.com/set-symbols/EOE-mythic.png,2026-08-11T06:13:15.074Z,image/png,1491,b5cbccec72957001a692dda6433fcc322cce24a838693f9c48f2d08882ffcbf7
set-symbols/EOE-rare.png,https://r2.videreproject.com/set-symbols/EOE-rare.png,2026-08-11T06:13:15.663Z,image/png,1531,df8b6121840e008b8981bd1e10237d8d83d168b22a8e338e7c30f100cc79dbe1
set-symbols/EOE-uncommon.png,https://r2.videreproject.com/set-symbols/EOE-uncommon.png,2026-08-11T06:13:16.317Z,image/png,1551,18f9cb36928b7faa0a2f09bdb5dd438a1f4c76b85a6f8237f5f180fc6de20a22
set-symbols/EOS-common.png,https://r2.videreproject.com/set-symbols/EOS-common.png,2026-08-11T06:13:16.886Z,image/png,1407,ecddf6ada360652600f8c391e1012e9056ec0f7f78a297b8c5e46d694f3ead1a
set-symbols/EOS-mythic.png,https://r2.videreproject.com/set-symbols/EOS-mythic.png,2026-08-11T06:13:17.468Z,image/png,1347,9136f0343c0b54ae660bda801380ee167a499e242fa7ab2ad0cc6f9b786f56ec
set-symbols/EOS-rare.png,https://r2.videreproject.com/set-symbols/EOS-rare.png,2026-08-11T06:13:18.226Z,image/png,1396,60c7a296286e7fe86a8c7e1183d987d906e8c5a4231fbbb1470f8c52f19969e7
set-symbols/EOS-uncommon.png,https://r2.videreproject.com/set-symbols/EOS-uncommon.png,2026-08-11T06:13:18.795Z,image/png,1407,ecddf6ada360652600f8c391e1012e9056ec0f7f78a297b8c5e46d694f3ead1a
set-symbols/EVE-common.png,https://r2.videreproject.com/set-symbols/EVE-common.png,2026-08-11T06:13:19.806Z,image/png,1257,82a366ff7d49731b56d07ca86b4c0c5d8193556fa589f18070c22baa463251fc
set-symbols/EVE-rare.png,https://r2.videreproject.com/set-symbols/EVE-rare.png,2026-08-11T06:13:20.433Z,image/png,1484,e47337c859a357af5dd6c6cbcf456859f402181f3c91c1042a54fb7dff5755a7
set-symbols/EVE-uncommon.png,https://r2.videreproject.com/set-symbols/EVE-uncommon.png,2026-08-11T06:13:21.222Z,image/png,1491,8c88d656355b19fbaf8878a516b4961eb79b295844f4714c88c035352fb62632
set-symbols/EVG-common.png,https://r2.videreproject.com/set-symbols/EVG-common.png,2026-08-11T06:13:21.840Z,image/png,2018,d92010ff5048a4dae19ce6aec1ff65ac2331edd0a6eac488725036504ece0020
set-symbols/EVG-rare.png,https://r2.videreproject.com/set-symbols/EVG-rare.png,2026-08-11T06:13:22.529Z,image/png,2392,3ab64199dad4a135215979ed9dd408cb6cd84c19738010ba6e07c6436b5b0b38
set-symbols/EVG-uncommon.png,https://r2.videreproject.com/set-symbols/EVG-uncommon.png,2026-08-11T06:13:23.099Z,image/png,2416,c15e382559db24a6d975494e67c547a2f361a5e7ab8981dc8ee2cc374ebf4fe0
set-symbols/EX-common.png,https://r2.videreproject.com/set-symbols/EX-common.png,2026-08-11T06:13:23.998Z,image/png,2383,47e0cab179f5798ac67ffee43642605cfaa23307d1408add1f8c7f9c30ac340f
set-symbols/EX-rare.png,https://r2.videreproject.com/set-symbols/EX-rare.png,2026-08-11T06:13:24.855Z,image/png,3016,427faab7260149bb95932d0ba4b5ac482e9562bf48a2896b349a78cc1e05d8d5
set-symbols/EX-uncommon.png,https://r2.videreproject.com/set-symbols/EX-uncommon.png,2026-08-11T06:13:25.465Z,image/png,3039,6d917a4babc6dfbf2df8e2986b64ece4859c1abff060d6522c177cf343921a38
set-symbols/EXP-mythic.png,https://r2.videreproject.com/set-symbols/EXP-mythic.png,2026-08-11T06:13:26.064Z,image/png,811,4fb090c4e7fde4ff2d9b19d69730d2510b042a8248654d2c90a0a0c494ae0545
set-symbols/FCA-common.png,https://r2.videreproject.com/set-symbols/FCA-common.png,2026-08-11T06:13:26.644Z,image/png,1920,18ae8545a822fc599c6229ead1c03373f95abd430444dd08c66921c5659f60fd
set-symbols/FCA-mythic.png,https://r2.videreproject.com/set-symbols/FCA-mythic.png,2026-08-11T06:13:27.378Z,image/png,2133,e950dde19b70597efc9f5dba4f842ceb39847126df04f0068c23592d4befc3b5
set-symbols/FCA-rare.png,https://r2.videreproject.com/set-symbols/FCA-rare.png,2026-08-11T06:13:27.937Z,image/png,2194,d3841e0c835199775d2759273d1a8219f97d6f47fb80ceac54eafb2bd00398aa
set-symbols/FCA-uncommon.png,https://r2.videreproject.com/set-symbols/FCA-uncommon.png,2026-08-11T06:13:28.543Z,image/png,2217,26886ba7ef096e28df77a3d8eb80c459005098848c7f8030a26ca95892dea66e
set-symbols/FDN-common.png,https://r2.videreproject.com/set-symbols/FDN-common.png,2026-08-11T06:13:29.452Z,image/png,966,82dd2eebc4e70540408815d4a7138590ad8caa822778321288c554adc3813d71
set-symbols/FDN-mythic.png,https://r2.videreproject.com/set-symbols/FDN-mythic.png,2026-08-11T06:13:30.051Z,image/png,1237,1e7c1140c90c039226add8556215c87e06ed289b97cac29906353a3fd7628f40
set-symbols/FDN-rare.png,https://r2.videreproject.com/set-symbols/FDN-rare.png,2026-08-11T06:13:30.619Z,image/png,1303,e1bfd7258efd8253627487e120c3bd206b80e370c8e7384aee575983c0976763
set-symbols/FDN-uncommon.png,https://r2.videreproject.com/set-symbols/FDN-uncommon.png,2026-08-11T06:13:31.229Z,image/png,1331,81ff56e831b81a2aee6411ecce697f7cfde02948aa4a61ee8c7abf086c4a6289
set-symbols/FE-common.png,https://r2.videreproject.com/set-symbols/FE-common.png,2026-08-11T06:13:32.084Z,image/png,1546,d114b0a759801e704e25219bb0292d9ede4926ef230656a1b6edd045c1067a6a
set-symbols/FE-rare.png,https://r2.videreproject.com/set-symbols/FE-rare.png,2026-08-11T06:13:32.640Z,image/png,1783,be613d09cede26542598c6567ddbac85ec5fd11dbfd9a84b95d6ae683e77e1f6
set-symbols/FE-uncommon.png,https://r2.videreproject.com/set-symbols/FE-uncommon.png,2026-08-11T06:13:33.321Z,image/png,1784,0d9d42867c3b3da0612edef6d17c08040c2f455761d5d8d16cc95ebacd41d9e0
set-symbols/FIC-common.png,https://r2.videreproject.com/set-symbols/FIC-common.png,2026-08-11T06:13:33.931Z,image/png,1942,25be689db4c29499ff1e21b3704bd30d654126cbc1e895ca7f52f7fa98ba5e15
set-symbols/FIC-mythic.png,https://r2.videreproject.com/set-symbols/FIC-mythic.png,2026-08-11T06:13:34.558Z,image/png,2261,6e4d318052ac93af2049c83fa3e2d317488b7b1043cac2a392e74096b703f244
set-symbols/FIC-rare.png,https://r2.videreproject.com/set-symbols/FIC-rare.png,2026-08-11T06:13:35.153Z,image/png,2316,68196c19cf74aa58e7f4eebf4f6e7d68d619bbd5c22af88c3ce9d80e7eac6f43
set-symbols/FIC-uncommon.png,https://r2.videreproject.com/set-symbols/FIC-uncommon.png,2026-08-11T06:13:35.781Z,image/png,2344,409777365bf64564e72ed940b4f5504d0dc7ae55f9958f8cf6aee42dd308e2e9
set-symbols/FIN-common.png,https://r2.videreproject.com/set-symbols/FIN-common.png,2026-08-11T06:13:36.510Z,image/png,2033,84a9b7b86813caa23f19fbf2c5324f241377b4d946bcc102b88564a7a7db0fd7
set-symbols/FIN-mythic.png,https://r2.videreproject.com/set-symbols/FIN-mythic.png,2026-08-11T06:13:37.047Z,image/png,2469,09118f70b635f5978d7b577d86d342bccc6b3db8c84f651e198d098353f091f5
set-symbols/FIN-rare.png,https://r2.videreproject.com/set-symbols/FIN-rare.png,2026-08-11T06:13:37.692Z,image/png,2520,48064c9aef5d23632f93dfbb6c6df8db61356436309120fa8de050383c125e80
set-symbols/FIN-uncommon.png,https://r2.videreproject.com/set-symbols/FIN-uncommon.png,2026-08-11T06:13:38.360Z,image/png,2577,7c443f84781cad43a81c255e4f6c42527043572f9372db2068edd4c60613c1fa
set-symbols/FRF-common.png,https://r2.videreproject.com/set-symbols/FRF-common.png,2026-08-11T06:13:39.758Z,image/png,15621,3f15f0c3a3c854889e060508edf7dbc53d3faefc8da8e954096893d33e58f761
set-symbols/FRF-mythic.png,https://r2.videreproject.com/set-symbols/FRF-mythic.png,2026-08-11T06:13:40.326Z,image/png,1931,cbba217ab4e491bd2c648f4784f47b714f63daf0d9a5ea4c8bab35fe51c2e95b
set-symbols/FRF-rare.png,https://r2.videreproject.com/set-symbols/FRF-rare.png,2026-08-11T06:13:41.007Z,image/png,1935,76a5c6535e007e68e7a5387e3a2bb27b20be3c88e0f63669d81f4aafdb7da578
set-symbols/FRF-uncommon.png,https://r2.videreproject.com/set-symbols/FRF-uncommon.png,2026-08-11T06:13:41.606Z,image/png,1964,424b5d44593208caf50a571621b0d1d532882e0e54181519332987599979809b
set-symbols/FUT-common.png,https://r2.videreproject.com/set-symbols/FUT-common.png,2026-08-11T06:13:42.305Z,image/png,1564,239ea89d0e4c498ec3091fc9560d419b6fa09200b1acc3cdf3c19dceabad8c06
set-symbols/FUT-rare.png,https://r2.videreproject.com/set-symbols/FUT-rare.png,2026-08-11T06:13:43.004Z,image/png,1895,ed998f022d33e0df18df919e5988f6168c5f2b22e1c6de3a7eec446175c1fa87
set-symbols/FUT-uncommon.png,https://r2.videreproject.com/set-symbols/FUT-uncommon.png,2026-08-11T06:13:44.039Z,image/png,1977,d3fb96a903b2015dae7a4d88f3737a2e5d059a95970ecdeedac2b2caf8199f17
set-symbols/GN2-common.png,https://r2.videreproject.com/set-symbols/GN2-common.png,2026-08-11T06:13:44.757Z,image/png,837,46a7eae782949772f1159e8762506054ea6d2afa6200eb0cd9b40e7757ca2894
set-symbols/GN2-mythic.png,https://r2.videreproject.com/set-symbols/GN2-mythic.png,2026-08-11T06:13:45.379Z,image/png,1280,8542589cf8009088964811cd9c92fdfb39e2777ba1c872807dcac9301a6b7959
set-symbols/GN2-rare.png,https://r2.videreproject.com/set-symbols/GN2-rare.png,2026-08-11T06:13:46.045Z,image/png,1303,cb8dac8aef4ef6ca7c26bbb697327db115cf0a1effbbd5a80b2b29e7797e620b
set-symbols/GN2-uncommon.png,https://r2.videreproject.com/set-symbols/GN2-uncommon.png,2026-08-11T06:13:46.627Z,image/png,1347,857996c920b16133b209fda8c9fdcfcae7f2831f37d950a80ce5c510142e7645
set-symbols/GNT-common.png,https://r2.videreproject.com/set-symbols/GNT-common.png,2026-08-11T06:13:47.351Z,image/png,891,11db5f648154f4184f03bc4401cd3858cc91ff74f6ca56baf0582992d88ce363
set-symbols/GNT-mythic.png,https://r2.videreproject.com/set-symbols/GNT-mythic.png,2026-08-11T06:13:47.999Z,image/png,1287,d4d7c345dd89fc637793d32c49f1c432c83f8ba63e5e7efe5252c80c5d3b6cbd
set-symbols/GNT-rare.png,https://r2.videreproject.com/set-symbols/GNT-rare.png,2026-08-11T06:13:48.714Z,image/png,1306,e582a1c264a53fb623867ffcb7213e34229bd486e34dbd3d2a801b58030a1c53
set-symbols/GNT-uncommon.png,https://r2.videreproject.com/set-symbols/GNT-uncommon.png,2026-08-11T06:13:49.367Z,image/png,1364,f9f17b677e7bfeef436f3b88ab2593a58b040632815eccfb70475591bcedade4
set-symbols/GPT-common.png,https://r2.videreproject.com/set-symbols/GPT-common.png,2026-08-11T06:13:49.978Z,image/png,1447,42b04f7bf4fe6b307c72798c6facaad5f8188cc83300d0465c211965bf17b03d
set-symbols/GPT-rare.png,https://r2.videreproject.com/set-symbols/GPT-rare.png,2026-08-11T06:13:50.763Z,image/png,1585,7b0cbcccc83d3457c49414b0c4e7e3b8a134f184189f608f4a47f17f20980075
set-symbols/GPT-uncommon.png,https://r2.videreproject.com/set-symbols/GPT-uncommon.png,2026-08-11T06:13:51.501Z,image/png,1631,3fa5cd0de8ae083351f2ac6d68d6b4c2da1694e2264daccd771b4b17db1b6d41
set-symbols/GRN-common.png,https://r2.videreproject.com/set-symbols/GRN-common.png,2026-08-11T06:13:52.137Z,image/png,1042,089bca96ebdd2bf2298c45db149639d8c9ac843c3a3fdd62a4166836ed7092e7
set-symbols/GRN-mythic.png,https://r2.videreproject.com/set-symbols/GRN-mythic.png,2026-08-11T06:13:52.825Z,image/png,1176,cef8f3ebb451ac3037cd43a62a766ad4cd0dbf93226aca4447116f44e101ed8b
set-symbols/GRN-rare.png,https://r2.videreproject.com/set-symbols/GRN-rare.png,2026-08-11T06:13:53.395Z,image/png,1211,fb499a62240ef693ee2ede34983a230a14dba6fc8d5b8b5d7c341d79104b5be4
set-symbols/GRN-uncommon.png,https://r2.videreproject.com/set-symbols/GRN-uncommon.png,2026-08-11T06:13:53.991Z,image/png,1213,29a2b37d234a150c6e8b46830941090f468a6a9de0a9cf6b9d36ab42fc6171af
set-symbols/GS1-common.png,https://r2.videreproject.com/set-symbols/GS1-common.png,2026-08-11T06:13:54.602Z,image/png,777,d6dfb2903517f67dd7fcbb0deb7b974847fa7e709e0a8a291ea3a25d25dc4d93
set-symbols/GS1-mythic.png,https://r2.videreproject.com/set-symbols/GS1-mythic.png,2026-08-11T06:13:55.262Z,image/png,937,d084a5fee014a66d304957e4da627f91eae178ba2050e50f6616662e7215b1a9
set-symbols/GS1-rare.png,https://r2.videreproject.com/set-symbols/GS1-rare.png,2026-08-11T06:13:55.825Z,image/png,959,db4c37d852806302abb8fbeb17151fdbcbefd85cf2abf6fd63f47271ea4329dd
set-symbols/GS1-uncommon.png,https://r2.videreproject.com/set-symbols/GS1-uncommon.png,2026-08-11T06:13:56.438Z,image/png,986,f434313f6e38819f00cc1e851fb228729457eec3ffbfc41d64f17509317be3d3
set-symbols/GTC-common.png,https://r2.videreproject.com/set-symbols/GTC-common.png,2026-08-11T06:13:56.980Z,image/png,1227,c435ea091ef5e9567535a5886918a1e6198821c93093d432973c623a62e96da9
set-symbols/GTC-mythic.png,https://r2.videreproject.com/set-symbols/GTC-mythic.png,2026-08-11T06:13:57.633Z,image/png,1655,3fe582036d1643cec5cbf044d613f1252dcfab8ba452c02e8d9eb94b243a178d
set-symbols/GTC-rare.png,https://r2.videreproject.com/set-symbols/GTC-rare.png,2026-08-11T06:13:58.193Z,image/png,1521,ef5d5d544e6449d4a0de87449b122bd60aa3567d4881a4ab8531741f4608b3b6
set-symbols/GTC-uncommon.png,https://r2.videreproject.com/set-symbols/GTC-uncommon.png,2026-08-11T06:13:58.967Z,image/png,1562,2fc93b5b4b4b1821893bc9a71500762a1d1c82a637d38ed93ebd3f9f66117d7c
set-symbols/H09-common.png,https://r2.videreproject.com/set-symbols/H09-common.png,2026-08-11T06:13:59.566Z,image/png,1138,088141d93440c66a02d36060092ff3a6fac54fae96401a0aa05fd07807deebdb
set-symbols/H09-mythic.png,https://r2.videreproject.com/set-symbols/H09-mythic.png,2026-08-11T06:14:00.361Z,image/png,1571,59da0b8294557c771dab9de3b138c421b099a3d98a0ec371414ae2cede148762
set-symbols/H09-rare.png,https://r2.videreproject.com/set-symbols/H09-rare.png,2026-08-11T06:14:00.936Z,image/png,1465,a366acca6aa80eba3d85211dac0779947eae009b7e6be4e3bf702185969125e7
set-symbols/H09-uncommon.png,https://r2.videreproject.com/set-symbols/H09-uncommon.png,2026-08-11T06:14:01.620Z,image/png,1456,268102cdf4ff337e4f7c5e66279c3000c2cf8e0d0eb8d21e2bc6c55ba93a2ceb
set-symbols/HM-common.png,https://r2.videreproject.com/set-symbols/HM-common.png,2026-08-11T06:14:02.186Z,image/png,1663,5bc60271af7f0e7cc30d539ad7fa479fcad0e598fb996f528ac43e60f13ed73c
set-symbols/HM-rare.png,https://r2.videreproject.com/set-symbols/HM-rare.png,2026-08-11T06:14:02.823Z,image/png,1748,50bfffee2423eb426ec3e0352966394401da742276dd3da707cf40992f3307a9
set-symbols/HM-uncommon.png,https://r2.videreproject.com/set-symbols/HM-uncommon.png,2026-08-11T06:14:03.407Z,image/png,1765,4a5bc445755d467e7a5285eeb96cba6ba2fa676f779d40dec5d30b91f50726d1
set-symbols/HOB-common.png,https://r2.videreproject.com/set-symbols/HOB-common.png,2026-08-11T06:14:03.985Z,image/png,982,ebc47fe56a68c8a9f76e23560ed5558a5f55cbe11b4fa8adc0784d0bd843114b
set-symbols/HOB-mythic.png,https://r2.videreproject.com/set-symbols/HOB-mythic.png,2026-08-11T06:14:04.585Z,image/png,1134,f66e2dce1fbab0c669af766b1eb4fcb1f624bb2ab171a41b41a4b0f8fe568844
set-symbols/HOB-rare.png,https://r2.videreproject.com/set-symbols/HOB-rare.png,2026-08-11T06:14:05.219Z,image/png,1194,1827a3a7a5546dfe78f486a05f3f4f88d281599b0a80d73b1c6c7c3a2c634969
set-symbols/HOB-uncommon.png,https://r2.videreproject.com/set-symbols/HOB-uncommon.png,2026-08-11T06:14:05.853Z,image/png,1212,3437474192bd4c19170538acf7f31f25b7943871673446dab8576667f15b7405
set-symbols/HOC-common.png,https://r2.videreproject.com/set-symbols/HOC-common.png,2026-08-11T06:14:06.904Z,image/png,971,da90800200240376faadd5c03f69f365468f2b2aea73e2927a66ea9a1c564993
set-symbols/HOC-mythic.png,https://r2.videreproject.com/set-symbols/HOC-mythic.png,2026-08-11T06:14:07.463Z,image/png,1206,223408e8161936eb733b0a352430d778f362acb6f6584b15b62ebb4ad983fccc
set-symbols/HOC-rare.png,https://r2.videreproject.com/set-symbols/HOC-rare.png,2026-08-11T06:14:08.050Z,image/png,1241,f7e6a7bb620c4302d095c70c38931adb40438415bafb31dd3c01d193628e14fd
set-symbols/HOC-uncommon.png,https://r2.videreproject.com/set-symbols/HOC-uncommon.png,2026-08-11T06:14:08.607Z,image/png,1248,c301e94cc1f5f22889ca2330104a73a955117471d2dac42d3a28c4b6e1edd628
set-symbols/HOU-common.png,https://r2.videreproject.com/set-symbols/HOU-common.png,2026-08-11T06:14:09.367Z,image/png,18393,268f2ec24cc55766b7d9db692c7cc2e2c9fb2c1240ce2a4053a48d0e6bcef458
set-symbols/HOU-mythic.png,https://r2.videreproject.com/set-symbols/HOU-mythic.png,2026-08-11T06:14:09.955Z,image/png,18584,df3c73d7e2e5dedc314e893e41079730f068632300e91fecfcdda25075196b3f
set-symbols/HOU-rare.png,https://r2.videreproject.com/set-symbols/HOU-rare.png,2026-08-11T06:14:10.544Z,image/png,18591,30294f7ee6ba41d32649d0a83c4cec8e9e8c6e1a9c60d940854d9cefa59cebf7
set-symbols/HOU-uncommon.png,https://r2.videreproject.com/set-symbols/HOU-uncommon.png,2026-08-11T06:14:11.238Z,image/png,18596,c46e837e232c2dceb42100502c0544411cf845dce43b01a436016f3dd6bc0122
set-symbols/IA-common.png,https://r2.videreproject.com/set-symbols/IA-common.png,2026-08-11T06:14:11.880Z,image/png,1686,1952aae98704de2be544ff95205bd3e57e806d66077771a86fe7297ab2ac85fd
set-symbols/IA-rare.png,https://r2.videreproject.com/set-symbols/IA-rare.png,2026-08-11T06:14:12.487Z,image/png,1644,f46eb1f64eef22837145c09e382462c4fa77a20455803ddb6ad49b191673214c
set-symbols/IA-uncommon.png,https://r2.videreproject.com/set-symbols/IA-uncommon.png,2026-08-11T06:14:13.059Z,image/png,1670,8a23343aba251d9eb47faa05f456d5ff934b63fad511be245b2be78198e0b79a
set-symbols/IKO-common.png,https://r2.videreproject.com/set-symbols/IKO-common.png,2026-08-11T06:14:13.661Z,image/png,1270,607698a093831b39672bf3ae0437d327e688a462dda3e08c54a28661421beb75
set-symbols/IKO-mythic.png,https://r2.videreproject.com/set-symbols/IKO-mythic.png,2026-08-11T06:14:14.242Z,image/png,1361,4125ff518317f113db63a08a630ff8c21751c324d68f789ad7e85c207b8e5ad6
set-symbols/IKO-rare.png,https://r2.videreproject.com/set-symbols/IKO-rare.png,2026-08-11T06:14:14.846Z,image/png,1364,e2988e262fb43b9bc2913f8eec2990ac075fa5d0e9a854d806b0363e5b67c0ad
set-symbols/IKO-uncommon.png,https://r2.videreproject.com/set-symbols/IKO-uncommon.png,2026-08-11T06:14:15.401Z,image/png,1391,cb9cd1e012045582e637e8983ab040cc5ce6742e2ef8bb61827f8247f0007f89
set-symbols/IMA-common.png,https://r2.videreproject.com/set-symbols/IMA-common.png,2026-08-11T06:14:16.247Z,image/png,1097,8b7ab49436822037b98a7d6802b364713ed975fdd41dfded5377c1305ef8dff6
set-symbols/IMA-mythic.png,https://r2.videreproject.com/set-symbols/IMA-mythic.png,2026-08-11T06:14:16.807Z,image/png,1482,d47cc81a3ef4196ec4e077be649d9aadce8d4a4ea3d959e0a0afa816b212ca89
set-symbols/IMA-rare.png,https://r2.videreproject.com/set-symbols/IMA-rare.png,2026-08-11T06:14:17.428Z,image/png,1518,a020aa73e1f35634b03407025209487c94c064bd3a20b2c53e14cdcd8a30cc50
set-symbols/IMA-uncommon.png,https://r2.videreproject.com/set-symbols/IMA-uncommon.png,2026-08-11T06:14:18.138Z,image/png,1532,18b7d20a87a9bde0307857e363fd2984a16b33a0059d1aa2d8df9d7458b4be07
set-symbols/IN-common.png,https://r2.videreproject.com/set-symbols/IN-common.png,2026-08-11T06:14:18.684Z,image/png,1307,d99a2173c3f277f7e2493580f5fe501c08ffcbf24dbc532225f241be0ba9088f
set-symbols/IN-rare.png,https://r2.videreproject.com/set-symbols/IN-rare.png,2026-08-11T06:14:19.449Z,image/png,1404,78e56b0a86cda7806060c0e6a57328d020066e96be14d6344541b181f4edf74a
set-symbols/IN-uncommon.png,https://r2.videreproject.com/set-symbols/IN-uncommon.png,2026-08-11T06:14:19.963Z,image/png,1433,240f85af1c9c1afe09aed423819bb95d45041c3bbb8b109e2b761bb6b8523603
set-symbols/INR-common.png,https://r2.videreproject.com/set-symbols/INR-common.png,2026-08-11T06:14:20.749Z,image/png,975,14dca604b69c199048febb88722724cc67b6235e198ec93fa90df62b6b07ce5b
set-symbols/INR-mythic.png,https://r2.videreproject.com/set-symbols/INR-mythic.png,2026-08-11T06:14:21.300Z,image/png,1303,3c8acf18b4d52769aa292b3cb24845de71e025545004e4b5386d6698f7e8f8b0
set-symbols/INR-rare.png,https://r2.videreproject.com/set-symbols/INR-rare.png,2026-08-11T06:14:21.999Z,image/png,1381,55de563a69b7adc1b221b7dea97fcecbc880489707245408422d272e26022af6
set-symbols/INR-uncommon.png,https://r2.videreproject.com/set-symbols/INR-uncommon.png,2026-08-11T06:14:22.544Z,image/png,1399,64bafb364405919a3b822dea28fc320627d3b8a4477ed26f573086c74f793b63
set-symbols/ISD-common.png,https://r2.videreproject.com/set-symbols/ISD-common.png,2026-08-11T06:14:23.182Z,image/png,1088,6fd51db7bbaebe9e0ef19fbb2275367e7d0c412afdd838a227d202e61d213c16
set-symbols/ISD-mythic.png,https://r2.videreproject.com/set-symbols/ISD-mythic.png,2026-08-11T06:14:24.157Z,image/png,1560,ebf1b8e9a5eabd90b3a92e566eb829cd60f7c93b6171fb061736508fe1948863
set-symbols/ISD-rare.png,https://r2.videreproject.com/set-symbols/ISD-rare.png,2026-08-11T06:14:24.854Z,image/png,1388,e5a212f23087ad92a0aab849bcfe1649e7770003298c6863ab3b7b60347b03cf
set-symbols/ISD-uncommon.png,https://r2.videreproject.com/set-symbols/ISD-uncommon.png,2026-08-11T06:14:25.953Z,image/png,1406,2fada3ef5b0a5658829fdb2352d9660caf1270dd3faca5931e20eb0b63232bd0
set-symbols/J22-common.png,https://r2.videreproject.com/set-symbols/J22-common.png,2026-08-11T06:14:26.557Z,image/png,1779,956a0d60024330674d1d3c328789ea46727f5a2d554296952b05fa4a05051c3b
set-symbols/J22-mythic.png,https://r2.videreproject.com/set-symbols/J22-mythic.png,2026-08-11T06:14:27.131Z,image/png,2102,6e4094840a08b550aeed6cc6d721233866296a6544bc8d0784afc9122439d5d0
set-symbols/J22-rare.png,https://r2.videreproject.com/set-symbols/J22-rare.png,2026-08-11T06:14:27.744Z,image/png,2178,cf2a8b2d84dd53d137ce590245e683a2e1a60eec92a826f14f39ce538b7a6d6a
set-symbols/J22-uncommon.png,https://r2.videreproject.com/set-symbols/J22-uncommon.png,2026-08-11T06:14:28.330Z,image/png,2206,46c6f3eb07f697c68ad0d86a42289f53eafa7e14764a4e47d6064cd687d17994
set-symbols/J25-common.png,https://r2.videreproject.com/set-symbols/J25-common.png,2026-08-11T06:14:29.067Z,image/png,1426,497513363582abf1be5e4ab61504a10d4031c5593b4c1f86974ffcf6db1aa8df
set-symbols/J25-mythic.png,https://r2.videreproject.com/set-symbols/J25-mythic.png,2026-08-11T06:14:29.709Z,image/png,1910,47500533735f52f37c0a461685db27598833ac0da0f64fcc1a7c2a3f5da11157
set-symbols/J25-rare.png,https://r2.videreproject.com/set-symbols/J25-rare.png,2026-08-11T06:14:30.267Z,image/png,1969,0334ae7d8ef5193c8b485985adb07288db17e641a7ed087c907fb4bcdd4b86cb
set-symbols/J25-uncommon.png,https://r2.videreproject.com/set-symbols/J25-uncommon.png,2026-08-11T06:14:30.831Z,image/png,2002,ba2e1db1e10ea3317dec15a7b388ed6f16da6a8a6057afb636b2c5f3a57d4a23
set-symbols/JMP-common.png,https://r2.videreproject.com/set-symbols/JMP-common.png,2026-08-11T06:14:31.415Z,image/png,1234,0868deee3107ccb392765c6d5c8547093808e0f3c346c98cca06182de2f10db7
set-symbols/JMP-mythic.png,https://r2.videreproject.com/set-symbols/JMP-mythic.png,2026-08-11T06:14:32.016Z,image/png,1281,c2dff514caf11a88c6a259089cf4981aa5213dd980425a5e826b37db675de5f4
set-symbols/JMP-rare.png,https://r2.videreproject.com/set-symbols/JMP-rare.png,2026-08-11T06:14:32.555Z,image/png,1330,d991e629320988c5e67b707ab8bebaa8318320e01b0de7bca8876b1b09fbce55
set-symbols/JMP-uncommon.png,https://r2.videreproject.com/set-symbols/JMP-uncommon.png,2026-08-11T06:14:33.226Z,image/png,1343,f3e6923d200c2b19ba530fe7dd3347ea0e0aaaa93725eb6b82602a68f7259b76
set-symbols/JOU-common.png,https://r2.videreproject.com/set-symbols/JOU-common.png,2026-08-11T06:14:33.983Z,image/png,1237,e33051ba3f267a6ff9a1f98b1347a2b617ede667cd148e767296ff83848a1936
set-symbols/JOU-mythic.png,https://r2.videreproject.com/set-symbols/JOU-mythic.png,2026-08-11T06:14:34.630Z,image/png,1868,facd2bc63deb564cf66ceb722dd75b5c5500b7d7a0c4b56b656f36e5daafa457
set-symbols/JOU-rare.png,https://r2.videreproject.com/set-symbols/JOU-rare.png,2026-08-11T06:14:35.350Z,image/png,1595,91e0d2ff4b7e809a69e1a90e01ff0d12c7674ff7e8461fb0077dd02f41b221bc
set-symbols/JOU-uncommon.png,https://r2.videreproject.com/set-symbols/JOU-uncommon.png,2026-08-11T06:14:36.054Z,image/png,1612,98a996a38fcaf94b412014c837e16934c3d0840ebc9eb87e41e9e848351cfb36
set-symbols/JUD-common.png,https://r2.videreproject.com/set-symbols/JUD-common.png,2026-08-11T06:14:36.706Z,image/png,1878,4b53045e9c7cd178b8f718838e1b347c114a9fb17091e3b570765c0dbb8cb0d1
set-symbols/JUD-rare.png,https://r2.videreproject.com/set-symbols/JUD-rare.png,2026-08-11T06:14:37.316Z,image/png,2095,e685c953b39cc81a5509f62267bc6e00ab694096c1996b9d9c8b1ae24151cc0a
set-symbols/JUD-uncommon.png,https://r2.videreproject.com/set-symbols/JUD-uncommon.png,2026-08-11T06:14:37.892Z,image/png,2129,0fdd9d7bee8e68bbe10fae8c529a4d2fe477bf542d84bbb3906fdcca974c2e1c
set-symbols/KHC-common.png,https://r2.videreproject.com/set-symbols/KHC-common.png,2026-08-11T06:14:38.499Z,image/png,1073,f51dc1f4561bcec82ddcb0a78f7897942f09136a33cf9bc3772d15d222e1ac3c
set-symbols/KHC-mythic.png,https://r2.videreproject.com/set-symbols/KHC-mythic.png,2026-08-11T06:14:39.261Z,image/png,1381,3219f3a4e019c1a8b01ced58c2f850d9489975e8393fffd95f55e77d3298406e
set-symbols/KHC-rare.png,https://r2.videreproject.com/set-symbols/KHC-rare.png,2026-08-11T06:14:39.984Z,image/png,1393,9e96c35716396f98511596ca4b7fef177d5f693a2242cb2ba143b4efc803adf2
set-symbols/KHC-uncommon.png,https://r2.videreproject.com/set-symbols/KHC-uncommon.png,2026-08-11T06:14:40.639Z,image/png,1385,9fa89fcad55ac3e6ef9d61a9069ec31f28b3c08292c6f8c27afcd5a33538c25c
set-symbols/KHM-common.png,https://r2.videreproject.com/set-symbols/KHM-common.png,2026-08-11T06:14:41.193Z,image/png,1034,9bc9b006f23f782957e0e06dc8d2024a25b951ed7843e7743c3895d5185a538a
set-symbols/KHM-mythic.png,https://r2.videreproject.com/set-symbols/KHM-mythic.png,2026-08-11T06:14:41.916Z,image/png,1179,309694063be00d43617d6ef5e788d401e3776949adcf45e9eb8f3cdc3b886e5c
set-symbols/KHM-rare.png,https://r2.videreproject.com/set-symbols/KHM-rare.png,2026-08-11T06:14:42.537Z,image/png,1200,8b4495710dd42473eb768a335101ef527c06ee0f9a26d85b9c5560a2a182c55a
set-symbols/KHM-uncommon.png,https://r2.videreproject.com/set-symbols/KHM-uncommon.png,2026-08-11T06:14:43.092Z,image/png,1190,7fc55c193c2defd96b9c0288dae01b0d95b16b66af14131f596272456dec3924
set-symbols/KLD-common.png,https://r2.videreproject.com/set-symbols/KLD-common.png,2026-08-11T06:14:43.949Z,image/png,19165,195d69d4af015e402171b9bd2a5e6b43521fd3a049f1e45beacb9ef639a225c4
set-symbols/KLD-mythic.png,https://r2.videreproject.com/set-symbols/KLD-mythic.png,2026-08-11T06:14:44.570Z,image/png,19282,92b6ae5b7503b5bb97a93d76c1428004d8f933edb1d4f9eb19a675d8c926a638
set-symbols/KLD-rare.png,https://r2.videreproject.com/set-symbols/KLD-rare.png,2026-08-11T06:14:45.230Z,image/png,19458,10af751dd462f8af7a6a00b149e09ff82150bfd6241a7a2dd531164dcb181083
set-symbols/KLD-uncommon.png,https://r2.videreproject.com/set-symbols/KLD-uncommon.png,2026-08-11T06:14:46.450Z,image/png,19528,9feb019cbd80b6c30487e122527269b4c34e35f943654a10562231f11359999c
set-symbols/KTK-common.png,https://r2.videreproject.com/set-symbols/KTK-common.png,2026-08-11T06:14:47.249Z,image/png,15926,5209cf32aa39ba8f4a5e21979a378811694e7970a5d02f88032e929593ce39ef
set-symbols/KTK-mythic.png,https://r2.videreproject.com/set-symbols/KTK-mythic.png,2026-08-11T06:14:47.806Z,image/png,2137,2380b38e7c12929de060b999518b159e9d19128c35185b1c669124c42e4683b2
set-symbols/KTK-rare.png,https://r2.videreproject.com/set-symbols/KTK-rare.png,2026-08-11T06:14:48.392Z,image/png,2206,3cee81120fb950c5681b05a06c911e6c36b1478da787d9e956d64264d7e016e6
set-symbols/KTK-uncommon.png,https://r2.videreproject.com/set-symbols/KTK-uncommon.png,2026-08-11T06:14:49.012Z,image/png,2235,69dfc55eedf8432c0fb4f5900402ffd16d45f8bebfd641a076bc05fdff2af9fd
set-symbols/LCC-common.png,https://r2.videreproject.com/set-symbols/LCC-common.png,2026-08-11T06:14:49.594Z,image/png,1498,295819537b1e921c3874e61a3f4c1ddbb74bb0f747668eba76bf87a5a3eb0254
set-symbols/LCC-mythic.png,https://r2.videreproject.com/set-symbols/LCC-mythic.png,2026-08-11T06:14:50.223Z,image/png,1799,3ef08157f4a00aff7f36c7da0db9e03dc5b9b93860215ed8406dd8af03bf6e22
set-symbols/LCC-rare.png,https://r2.videreproject.com/set-symbols/LCC-rare.png,2026-08-11T06:14:50.783Z,image/png,1835,e2104b172fd830c978b0b16d618402c427e17841ae96e7eb3ea79b40bfe2b6a1
set-symbols/LCC-uncommon.png,https://r2.videreproject.com/set-symbols/LCC-uncommon.png,2026-08-11T06:14:51.459Z,image/png,1839,fe70b289d268fdca082ff226d0f3b74942c7ee299a41ff932ba69019c0783ee1
set-symbols/LCI-common.png,https://r2.videreproject.com/set-symbols/LCI-common.png,2026-08-11T06:14:52.064Z,image/png,1416,5439f3adc95a80ab6404dbf23ad413c188c5b98573ac117e8c8017d928c66425
set-symbols/LCI-mythic.png,https://r2.videreproject.com/set-symbols/LCI-mythic.png,2026-08-11T06:14:52.640Z,image/png,1546,9c6d89ecb8fc53293b1d66cda995bc3f8c5d1b4a83ee326b8edc30100d044733
set-symbols/LCI-rare.png,https://r2.videreproject.com/set-symbols/LCI-rare.png,2026-08-11T06:14:53.215Z,image/png,1614,db725695f306bf233c24c15b8e7f55e37c12eb2c9228804e1461df812afa08a3
set-symbols/LCI-uncommon.png,https://r2.videreproject.com/set-symbols/LCI-uncommon.png,2026-08-11T06:14:53.788Z,image/png,1633,50eaba015a681cadff6b41d9206d7e0eedc7d95a38d7bc1ea75a678e53a9fc86
set-symbols/LE-common.png,https://r2.videreproject.com/set-symbols/LE-common.png,2026-08-11T06:14:54.383Z,image/png,1077,2dad958425da460a402139745b1980035fd635ca7154a828f013258d67b179d7
set-symbols/LE-rare.png,https://r2.videreproject.com/set-symbols/LE-rare.png,2026-08-11T06:14:55.086Z,image/png,1408,3b4fde2c60d0f616e28538d459d09db3e74bb605d55c94689d0cd0b0b6298a79
set-symbols/LE-uncommon.png,https://r2.videreproject.com/set-symbols/LE-uncommon.png,2026-08-11T06:14:55.738Z,image/png,1416,c202278a0ee5e250970aa7d5b0d35ab0b4c685ec3281f4577ad2bf1f96fcb2e6
set-symbols/LGN-common.png,https://r2.videreproject.com/set-symbols/LGN-common.png,2026-08-11T06:14:56.292Z,image/png,2632,08729cec6ab015e4cbc4e14ac3febc4f6f33108729b8c008da0069d2c6f87d9d
set-symbols/LGN-rare.png,https://r2.videreproject.com/set-symbols/LGN-rare.png,2026-08-11T06:14:56.881Z,image/png,3514,19f9696853f585b17a5f127fdef41f80af455d680d2a427607f49cd064e736a5
set-symbols/LGN-uncommon.png,https://r2.videreproject.com/set-symbols/LGN-uncommon.png,2026-08-11T06:14:57.539Z,image/png,3515,6634886df1653c518f5b809496c973b9f988654108f8c272023072238609f520
set-symbols/LRW-common.png,https://r2.videreproject.com/set-symbols/LRW-common.png,2026-08-11T06:14:58.088Z,image/png,901,fd5df60ef19b929d2775d2867a29d1ddc6817565d7c44eaf86c95c6d4c713a73
set-symbols/LRW-rare.png,https://r2.videreproject.com/set-symbols/LRW-rare.png,2026-08-11T06:14:58.873Z,image/png,1030,cef7b4d7306a5063b7107a087f17c7685584ff1fe3c31f7dee0ecece9b3f2112
set-symbols/LRW-uncommon.png,https://r2.videreproject.com/set-symbols/LRW-uncommon.png,2026-08-11T06:14:59.447Z,image/png,1054,cc771f32b6b387c831baff5c8f9b015cc65ad46643d9da77d881d53750d87121
set-symbols/LTC-common.png,https://r2.videreproject.com/set-symbols/LTC-common.png,2026-08-11T06:15:00.003Z,image/png,1449,8ce1339d6fc261e0ecffb0da111b907fb5507999dca7a069b2a4f4838f265dc9
set-symbols/LTC-mythic.png,https://r2.videreproject.com/set-symbols/LTC-mythic.png,2026-08-11T06:15:00.564Z,image/png,1628,3fb313434dbc2a4040a5e3536efbb407c02346a7f5f11106fb269911816dcb6c
set-symbols/LTC-rare.png,https://r2.videreproject.com/set-symbols/LTC-rare.png,2026-08-11T06:15:01.151Z,image/png,1644,dfaecd4382c4ec75d7f116733d0ec4a75d66a1c1ff6fb72a6212c04403f0d3a8
set-symbols/LTC-uncommon.png,https://r2.videreproject.com/set-symbols/LTC-uncommon.png,2026-08-11T06:15:01.722Z,image/png,1643,44ae743afc004aa27c7f0842e353b143b05658b484770bbd94ed9d33dd3c74d8
set-symbols/LTR-common.png,https://r2.videreproject.com/set-symbols/LTR-common.png,2026-08-11T06:15:02.470Z,image/png,2036,89667b6a5d5fffe512f9a242672d89b386c22423e69d891720ff6a9df4a3a51c
set-symbols/LTR-mythic.png,https://r2.videreproject.com/set-symbols/LTR-mythic.png,2026-08-11T06:15:03.146Z,image/png,2210,8bf776683e4bacf0083ba4249c15425677e709fca2d71b4ddffa4ba3293f5b49
set-symbols/LTR-rare.png,https://r2.videreproject.com/set-symbols/LTR-rare.png,2026-08-11T06:15:03.805Z,image/png,2241,52dbf5164b2005c8c6c7fb8aa6a08c879a1b7da0dcf99e0443b9530fab2e6b82
set-symbols/LTR-uncommon.png,https://r2.videreproject.com/set-symbols/LTR-uncommon.png,2026-08-11T06:15:04.377Z,image/png,2250,630c132a13d3d2efe664bfe4ed498a43a5e675b861113043733ec95bd4bd6153
set-symbols/M10-common.png,https://r2.videreproject.com/set-symbols/M10-common.png,2026-08-11T06:15:04.972Z,image/png,2048,223fa3b199d5bca89f89f5c2ed52c8a5b00156d540ba7b1f57a875c681ba0b5d
set-symbols/M10-mythic.png,https://r2.videreproject.com/set-symbols/M10-mythic.png,2026-08-11T06:15:05.588Z,image/png,2249,d49efec85a41c3b23a4662df155bc6bbf157d99d9166e922c98fe4f31a921349
set-symbols/M10-rare.png,https://r2.videreproject.com/set-symbols/M10-rare.png,2026-08-11T06:15:06.294Z,image/png,2598,5d8ccb85fc7e2474fa93269927d913a278a11232a5226798c4d36fb516d0b190
set-symbols/M10-uncommon.png,https://r2.videreproject.com/set-symbols/M10-uncommon.png,2026-08-11T06:15:06.894Z,image/png,2839,5e6de4e47564cba1f445e27f8c0267c9d08b7b8965b26f8519790bee65de0d35
set-symbols/M11-common.png,https://r2.videreproject.com/set-symbols/M11-common.png,2026-08-11T06:15:07.511Z,image/png,1901,312bc1412fa57f09a9f4fcc82208626fe208e2ce2e763500d5963f19d25231d1
set-symbols/M11-mythic.png,https://r2.videreproject.com/set-symbols/M11-mythic.png,2026-08-11T06:15:08.103Z,image/png,2132,9ba11a6892024f62a1cd40a6ee4ac6267a70e08b23b64f0ef27bde09bc5df984
set-symbols/M11-rare.png,https://r2.videreproject.com/set-symbols/M11-rare.png,2026-08-11T06:15:08.751Z,image/png,2460,37fa9b0ed333de9e41c36141ea4f63d65efbd481a8121fdcca120ffdd98cdd81
set-symbols/M11-uncommon.png,https://r2.videreproject.com/set-symbols/M11-uncommon.png,2026-08-11T06:15:09.381Z,image/png,2752,ac97d17d6141e1fd10e1b6878aac7e024e42a558911be9a6c3c5a1deb688746a
set-symbols/M12-common.png,https://r2.videreproject.com/set-symbols/M12-common.png,2026-08-11T06:15:10.015Z,image/png,2088,0fe7a7821495d0a5f83000224b6faaa66293585c9c63182c0841dc95420ae131
set-symbols/M12-mythic.png,https://r2.videreproject.com/set-symbols/M12-mythic.png,2026-08-11T06:15:10.614Z,image/png,2329,5960c10f189a5990e03bab589e0c6f7f4f7eb46d4319d7e7a8ef6f7a8bf994a4
set-symbols/M12-rare.png,https://r2.videreproject.com/set-symbols/M12-rare.png,2026-08-11T06:15:11.243Z,image/png,2663,da72d791d073c71d90e3e6564be488f381f9c9e1ed67c1c085d508feb21fb234
set-symbols/M12-uncommon.png,https://r2.videreproject.com/set-symbols/M12-uncommon.png,2026-08-11T06:15:11.918Z,image/png,2879,d382a51426abc5152f8257fae3ec79c47227323af5e04c27b976582a28a695f3
set-symbols/M13-common.png,https://r2.videreproject.com/set-symbols/M13-common.png,2026-08-11T06:15:12.651Z,image/png,2097,73a6e3bee4a9c1438e14c31f8a904108691d42453bb5d4c01931bd179ad771cd
set-symbols/M13-mythic.png,https://r2.videreproject.com/set-symbols/M13-mythic.png,2026-08-11T06:15:13.225Z,image/png,2317,199427ebbe139f731f055d556fbec8f0234fa63fa506ad8244f75d0eff89a6b1
set-symbols/M13-rare.png,https://r2.videreproject.com/set-symbols/M13-rare.png,2026-08-11T06:15:13.847Z,image/png,2631,9480cd8930412a006ee37c02294b5c5cbbf3229362a2f81653c998477b50dd5f
set-symbols/M13-uncommon.png,https://r2.videreproject.com/set-symbols/M13-uncommon.png,2026-08-11T06:15:14.440Z,image/png,2897,7b8a260cf27895b8d0535bda727efd400e5f1b47677b055492330e2016ccd5f1
set-symbols/M14-common.png,https://r2.videreproject.com/set-symbols/M14-common.png,2026-08-11T06:15:15.051Z,image/png,2044,2fde8be1d90ddc8953309b1fdfd939ea7924fc6d55e4fc12b3b31845ba9baf87
set-symbols/M14-mythic.png,https://r2.videreproject.com/set-symbols/M14-mythic.png,2026-08-11T06:15:15.642Z,image/png,2281,725885145c0529682d5a3e83490f23033947cdac08e95b7370b215957a001d85
set-symbols/M14-rare.png,https://r2.videreproject.com/set-symbols/M14-rare.png,2026-08-11T06:15:16.226Z,image/png,2583,8c18b0f42c105618991e4893ebe6410a286574279f5230b58076e16d47c04e1b
set-symbols/M14-uncommon.png,https://r2.videreproject.com/set-symbols/M14-uncommon.png,2026-08-11T06:15:16.841Z,image/png,2852,9b822ef503600774413329ee744adcba63bdb575b3055bf9f48203d36e78cf5a
set-symbols/M15-common.png,https://r2.videreproject.com/set-symbols/M15-common.png,2026-08-11T06:15:17.439Z,image/png,16256,fea6f7b2be65761a6a27680473f092ceec076163e7a61cb7303b03c681304854
set-symbols/M15-mythic.png,https://r2.videreproject.com/set-symbols/M15-mythic.png,2026-08-11T06:15:18.074Z,image/png,2971,9b0e08dc51b8466036f9391cbed287ef8cca253b4fb68226c475c9dd0faff519
set-symbols/M15-rare.png,https://r2.videreproject.com/set-symbols/M15-rare.png,2026-08-11T06:15:18.998Z,image/png,3008,daf89d7e3072a758c8902259c0c82e8b4463470d7eaec0a021ab56fa19b014ab
set-symbols/M15-uncommon.png,https://r2.videreproject.com/set-symbols/M15-uncommon.png,2026-08-11T06:15:19.600Z,image/png,3142,3db18bb42cad79b8d4487462d5172571df5905a05edf3258a4d51595b6b38a5b
set-symbols/M19-common.png,https://r2.videreproject.com/set-symbols/M19-common.png,2026-08-11T06:15:20.203Z,image/png,1339,a056e40d187ad482e5c909fdfe45cabf86c697c6503efacc53d0c2fbb186d22d
set-symbols/M19-mythic.png,https://r2.videreproject.com/set-symbols/M19-mythic.png,2026-08-11T06:15:20.850Z,image/png,2209,ee375f61dddfcecece2045a3ea23ce53e27d9b836ec795ed1ea91aa9adb2c4b3
set-symbols/M19-rare.png,https://r2.videreproject.com/set-symbols/M19-rare.png,2026-08-11T06:15:21.528Z,image/png,2300,8c5292304d164c9e37a4778846ff40949ba33faa934fd2d779bc448d5f9605d5
set-symbols/M19-uncommon.png,https://r2.videreproject.com/set-symbols/M19-uncommon.png,2026-08-11T06:15:22.272Z,image/png,2442,18527bfa14dc78b13e29ef77f699018fb8fe9b5fc80a7ea092efb5c4c6b6b756
set-symbols/M20-common.png,https://r2.videreproject.com/set-symbols/M20-common.png,2026-08-11T06:15:22.930Z,image/png,1199,3c1b2bc904ef973452296453b513e8153d5ae79ba096f9f8624c680f46ffede9
set-symbols/M20-mythic.png,https://r2.videreproject.com/set-symbols/M20-mythic.png,2026-08-11T06:15:23.484Z,image/png,2059,6b74a659c74753fd33d4728f0689c8fe881c8caa5e58334c84ce78f5e5ff98e1
set-symbols/M20-rare.png,https://r2.videreproject.com/set-symbols/M20-rare.png,2026-08-11T06:15:24.127Z,image/png,2306,94dc1b3d2bfb655a29a9fec2c1dd24419dd2a52567f821174c3e5904754bdca1
set-symbols/M20-uncommon.png,https://r2.videreproject.com/set-symbols/M20-uncommon.png,2026-08-11T06:15:24.713Z,image/png,2436,6890393b7a73fe1186f4658b812c3e0919bd1aa1659756709af14a2b8a526a76
set-symbols/M21-common.png,https://r2.videreproject.com/set-symbols/M21-common.png,2026-08-11T06:15:25.547Z,image/png,1682,855729544319800c1667e749dc71ef3271e1b4c44165ff6eac7419c498e80754
set-symbols/M21-mythic.png,https://r2.videreproject.com/set-symbols/M21-mythic.png,2026-08-11T06:15:26.350Z,image/png,2379,9ac0345ef39a40a7201403fdac81c5af0c4b2a871cdc509cb18aa7424601b2cd
set-symbols/M21-rare.png,https://r2.videreproject.com/set-symbols/M21-rare.png,2026-08-11T06:15:26.916Z,image/png,2397,e359f290cd08996cea2d8242ce62b4d1e3aeeabf85c882320cba893e0b7aeef7
set-symbols/M21-uncommon.png,https://r2.videreproject.com/set-symbols/M21-uncommon.png,2026-08-11T06:15:27.558Z,image/png,2550,33d87be39f915302db1cfe54cf9b3fd88f52100a613a11ab6b6058590bbd5d3e
set-symbols/M3C-common.png,https://r2.videreproject.com/set-symbols/M3C-common.png,2026-08-11T06:15:28.169Z,image/png,1096,4091899353d7d12e0660cb3bc6b2779dd0071154cd27d1e0dc7c9e17f1a55fb1
set-symbols/M3C-mythic.png,https://r2.videreproject.com/set-symbols/M3C-mythic.png,2026-08-11T06:15:28.817Z,image/png,1510,83a2d169a357bbf1f4cb5f953501681d97417011f4f1373b15826fa42080f596
set-symbols/M3C-rare.png,https://r2.videreproject.com/set-symbols/M3C-rare.png,2026-08-11T06:15:29.711Z,image/png,1584,99975166a3816c9eb6bcfde4eb4b659ee44c92553cddea24eea828f846bd4c81
set-symbols/M3C-uncommon.png,https://r2.videreproject.com/set-symbols/M3C-uncommon.png,2026-08-11T06:15:30.267Z,image/png,1570,0a83f5ca529919b0ebf217071d3a97b6e69740aa54202e68bd5cb74a86d193b7
set-symbols/MAR-common.png,https://r2.videreproject.com/set-symbols/MAR-common.png,2026-08-11T06:15:31.187Z,image/png,1295,662bb011fb71d0d50c47c9c9e061d4b8a26092a1997cde80edb1ddab54bd5b73
set-symbols/MAT-common.png,https://r2.videreproject.com/set-symbols/MAT-common.png,2026-08-11T06:15:31.825Z,image/png,1753,5a8a0da8820c42e2670367d499ddd829f8fb39ebb06b44d227b930eb53c14ffc
set-symbols/MAT-mythic.png,https://r2.videreproject.com/set-symbols/MAT-mythic.png,2026-08-11T06:15:32.454Z,image/png,2051,7da99903521152872dfdd8971648228f008cb23f33d7b008dbf99f2a9661513f
set-symbols/MAT-rare.png,https://r2.videreproject.com/set-symbols/MAT-rare.png,2026-08-11T06:15:33.024Z,image/png,2142,baf72944766cf9992b1deb6f7c390810ee6659d2635616a18b9f9596e1caf69a
set-symbols/MAT-uncommon.png,https://r2.videreproject.com/set-symbols/MAT-uncommon.png,2026-08-11T06:15:33.636Z,image/png,2181,3111097e9c23b5932c9ff27ca725c7dd77180f5dbd805e306d1055056804a70f
set-symbols/MB2-common.png,https://r2.videreproject.com/set-symbols/MB2-common.png,2026-08-11T06:15:34.256Z,image/png,655,d6681eb3ffb52888468367a2b4bb4b9c356e2871d948cbb3635592f7c48beefa
set-symbols/MB2-mythic.png,https://r2.videreproject.com/set-symbols/MB2-mythic.png,2026-08-11T06:15:34.950Z,image/png,969,bd5992b259a4faf26d697666e5f06e15658d5308db324268cd0e2f4e8a71460f
set-symbols/MB2-rare.png,https://r2.videreproject.com/set-symbols/MB2-rare.png,2026-08-11T06:15:35.626Z,image/png,986,579c647a49aae4c422b3e25219a2f1abc6224fd8cfb2eb43255dda36cd1ab6d7
set-symbols/MB2-uncommon.png,https://r2.videreproject.com/set-symbols/MB2-uncommon.png,2026-08-11T06:15:36.374Z,image/png,962,54647784ece07aea0e117eb8ce68afeef00715cca2ee6f195093c6ae38e639fd
set-symbols/MBS-common.png,https://r2.videreproject.com/set-symbols/MBS-common.png,2026-08-11T06:15:36.934Z,image/png,1077,b56418171b516c56fe5ae5e6add621107765af9f4382119a8558adb42fa05b4f
set-symbols/MBS-mythic.png,https://r2.videreproject.com/set-symbols/MBS-mythic.png,2026-08-11T06:15:37.482Z,image/png,1328,fdb4f6fba5da390c801ee49c90e56f7bd5474bb6715b167b93655a17b5e065f4
set-symbols/MBS-rare.png,https://r2.videreproject.com/set-symbols/MBS-rare.png,2026-08-11T06:15:38.119Z,image/png,1218,32c9840b5a103a81b27dff9ff40966871e6ca9009429974cb41213d402fb7950
set-symbols/MBS-uncommon.png,https://r2.videreproject.com/set-symbols/MBS-uncommon.png,2026-08-11T06:15:38.671Z,image/png,1235,366dba0d063cc0816d90f41efd97a60df119eb724832fc43ef31e604a29c2011
set-symbols/ME2-common.png,https://r2.videreproject.com/set-symbols/ME2-common.png,2026-08-11T06:15:39.377Z,image/png,1124,ab16947571b0fa9bba22b56dd12542d2085800a133943f45f04214c720a57fc6
set-symbols/ME2-rare.png,https://r2.videreproject.com/set-symbols/ME2-rare.png,2026-08-11T06:15:40.210Z,image/png,1384,295a24839daa531383b73dea58e62ecda4a520c48b9388a890f1e1dc0300e65b
set-symbols/ME2-uncommon.png,https://r2.videreproject.com/set-symbols/ME2-uncommon.png,2026-08-11T06:15:40.791Z,image/png,1409,687e9ce9d46265ce6b7bf70396b6bf1bc43ce2ee1102499ecb73d88f7591cb31
set-symbols/ME3-common.png,https://r2.videreproject.com/set-symbols/ME3-common.png,2026-08-11T06:15:41.385Z,image/png,1224,fa2e2a8b1d8f15858c35b89ad0021eb1aff99997a6ed6ac247baf5ba0d1f8f83
set-symbols/ME3-rare.png,https://r2.videreproject.com/set-symbols/ME3-rare.png,2026-08-11T06:15:41.944Z,image/png,1486,65bcc263aa6dbe667208159d8770ddd58f06f73cba1075b8e044753a32a4d19d
set-symbols/ME3-uncommon.png,https://r2.videreproject.com/set-symbols/ME3-uncommon.png,2026-08-11T06:15:42.624Z,image/png,1501,b1ba57724f4d060a7236e4b2d88e92f3ca47085bd3cd1c0dd30a7444377faa22
set-symbols/ME4-common.png,https://r2.videreproject.com/set-symbols/ME4-common.png,2026-08-11T06:15:43.176Z,image/png,1025,3fe239ea9c22f2f1e9845612a0531f923dae3446f597180ca43e2d7ac97a2713
set-symbols/ME4-mythic.png,https://r2.videreproject.com/set-symbols/ME4-mythic.png,2026-08-11T06:15:43.734Z,image/png,1274,4eb6d7b1d72205003ee93a847848fe5a3a17f0a13ae2a3c18d770064cc40dce4
set-symbols/ME4-rare.png,https://r2.videreproject.com/set-symbols/ME4-rare.png,2026-08-11T06:15:44.364Z,image/png,1397,05bcae2c6e2ef9545cbf50f5460a7f386412a582741a40446e0b9afee2a3f319
set-symbols/ME4-uncommon.png,https://r2.videreproject.com/set-symbols/ME4-uncommon.png,2026-08-11T06:15:45.084Z,image/png,1405,616b018738df989967170adb6a9628aa2be4efac92f6e0b3ca3551ed353b9d05
set-symbols/MED-common.png,https://r2.videreproject.com/set-symbols/MED-common.png,2026-08-11T06:15:45.651Z,image/png,1045,8f12e84dd0e51acf2cc1e5a9855a4bcab219a838ae095bd4250f0177abd243e7
set-symbols/MED-rare.png,https://r2.videreproject.com/set-symbols/MED-rare.png,2026-08-11T06:15:46.241Z,image/png,1301,1365b22b85415c2afadb89426f0b55ab1de573e37c63a59e90aeafb6cdce1102
set-symbols/MED-uncommon.png,https://r2.videreproject.com/set-symbols/MED-uncommon.png,2026-08-11T06:15:46.864Z,image/png,1297,ae01c9812a971934a39149f3f1f0c4e9031b99f6b98d054d67e848e4e9bc9d48
set-symbols/MH1-common.png,https://r2.videreproject.com/set-symbols/MH1-common.png,2026-08-11T06:15:47.571Z,image/png,1057,a19be149a54eec2793fe3063ae87dbab0f8d44567e8e8387b32702265711ce36
set-symbols/MH1-mythic.png,https://r2.videreproject.com/set-symbols/MH1-mythic.png,2026-08-11T06:15:48.143Z,image/png,1412,32a2fd968c1716722f1f1a59c3a20248165d917d186e6e91a6775cad0520df74
set-symbols/MH1-rare.png,https://r2.videreproject.com/set-symbols/MH1-rare.png,2026-08-11T06:15:48.799Z,image/png,1407,1df1ede60ce9015f85a7e752a394930d0969d9d78fb73b78cf9e25259a055731
set-symbols/MH1-uncommon.png,https://r2.videreproject.com/set-symbols/MH1-uncommon.png,2026-08-11T06:15:49.471Z,image/png,1416,dd3e9a3d7c4e84e33b73ca704575fd3e36bf929fdb45fab155b04432257fa8e0
set-symbols/MH2-common.png,https://r2.videreproject.com/set-symbols/MH2-common.png,2026-08-11T06:15:50.087Z,image/png,971,7f48c9975add6f1d4c47b2db215ed70d00b121b38348491f46281b0b505dd848
set-symbols/MH2-mythic.png,https://r2.videreproject.com/set-symbols/MH2-mythic.png,2026-08-11T06:15:50.730Z,image/png,1482,fdbdbb657e21637ae699cc70ea8bbf42376930248ecc7e6bb84d577440df2b51
set-symbols/MH2-rare.png,https://r2.videreproject.com/set-symbols/MH2-rare.png,2026-08-11T06:15:51.494Z,image/png,1576,7688f5e09824ed84eb4c61fbfb7fac01d181ae361d7e0f539e41415f4d3ad308
set-symbols/MH2-uncommon.png,https://r2.videreproject.com/set-symbols/MH2-uncommon.png,2026-08-11T06:15:52.233Z,image/png,1579,772128bd50cd9612e18c68a18d4c3f66f094bafd1eb14612dbad9a78a821cb26
set-symbols/MH3-common.png,https://r2.videreproject.com/set-symbols/MH3-common.png,2026-08-11T06:15:52.845Z,image/png,1326,4563e3c7dceaa093b3e0ecb1deac6918bdae5594c995ea7114b35006fc056771
set-symbols/MH3-mythic.png,https://r2.videreproject.com/set-symbols/MH3-mythic.png,2026-08-11T06:15:53.544Z,image/png,1667,c35c4fb0366a64758e6fc6d01c01f4e3440668b11525df98510b4de027cc4c8e
set-symbols/MH3-rare.png,https://r2.videreproject.com/set-symbols/MH3-rare.png,2026-08-11T06:15:54.141Z,image/png,1870,501f7c34dfab4cfabf49c298c65d456d1cbbae4cd5e4e5a6e19d918883d3928f
set-symbols/MH3-uncommon.png,https://r2.videreproject.com/set-symbols/MH3-uncommon.png,2026-08-11T06:15:54.693Z,image/png,1832,76540966144441ca309ff5b1aa46ebb93caa727a2992fd73b1319cab553f5fae
set-symbols/MI-common.png,https://r2.videreproject.com/set-symbols/MI-common.png,2026-08-11T06:15:55.288Z,image/png,1785,e30f286ade14d651a1657673b00e35e5d498970ffe63142acbadcf7c54126f9d
set-symbols/MI-rare.png,https://r2.videreproject.com/set-symbols/MI-rare.png,2026-08-11T06:15:56.156Z,image/png,1802,e6363d36ae9f2adda13a140601e92b349d824c82ed33f0fc4220966990160875
set-symbols/MI-uncommon.png,https://r2.videreproject.com/set-symbols/MI-uncommon.png,2026-08-11T06:15:56.753Z,image/png,1824,6befcfa3cbb1e8bc31ab39c9935130917c3f752f0edac8a4a01dcfd14157aa30
set-symbols/MIC-common.png,https://r2.videreproject.com/set-symbols/MIC-common.png,2026-08-11T06:15:57.324Z,image/png,1276,0a625befb411c6306e81b193d3ae027a25e83b1d653fdef774245f3a15676d14
set-symbols/MIC-mythic.png,https://r2.videreproject.com/set-symbols/MIC-mythic.png,2026-08-11T06:15:57.924Z,image/png,1790,215cdc0352dc38365345385932db56564c0166d153e50c2c77f3a2bae591e4c2
set-symbols/MIC-rare.png,https://r2.videreproject.com/set-symbols/MIC-rare.png,2026-08-11T06:15:58.541Z,image/png,1835,acf1f871e058e0d0a85265aea1cfe68e8f281d75c8b5b74e5f3ba03e69c4f409
set-symbols/MIC-uncommon.png,https://r2.videreproject.com/set-symbols/MIC-uncommon.png,2026-08-11T06:15:59.487Z,image/png,1870,641ba3e6a98527444c0aa801f3dc623aa45140b4bee157fec99884f8e95f7686
set-symbols/MID-common.png,https://r2.videreproject.com/set-symbols/MID-common.png,2026-08-11T06:16:00.397Z,image/png,1502,619847bb4646dd64fba27663f1f7d57f5981b0f9dcb688942058039e8610acd6
set-symbols/MID-mythic.png,https://r2.videreproject.com/set-symbols/MID-mythic.png,2026-08-11T06:16:00.952Z,image/png,1465,e499e980196fcc22fe21fea4466fd9acceddace03ffbcc517a92fd21d93ae6b4
set-symbols/MID-rare.png,https://r2.videreproject.com/set-symbols/MID-rare.png,2026-08-11T06:16:01.628Z,image/png,1533,101ff16a08eef66ef3f03c15d0b3eeb58537ea646bcb0f69aa73626ebaab0197
set-symbols/MID-uncommon.png,https://r2.videreproject.com/set-symbols/MID-uncommon.png,2026-08-11T06:16:02.237Z,image/png,1572,7d816ac80e88dd202fa59eaf45718cd7f862b73a2f030937e2c922db1393b494
set-symbols/MKC-common.png,https://r2.videreproject.com/set-symbols/MKC-common.png,2026-08-11T06:16:02.839Z,image/png,1100,1167d211c2a18205ab849f7c60ad069e4508a23487741562ad2991d6661d07d3
set-symbols/MKC-mythic.png,https://r2.videreproject.com/set-symbols/MKC-mythic.png,2026-08-11T06:16:03.628Z,image/png,1212,39f8fd83b0e590e37fbc47a7fdda73bc1de72ee8f3d9c0fe7b6ff0e6873429b7
set-symbols/MKC-rare.png,https://r2.videreproject.com/set-symbols/MKC-rare.png,2026-08-11T06:16:04.216Z,image/png,1232,0ef9d4968804adb426f9f99ccbf8a84de892af7195adaaca41f6875f288658c2
set-symbols/MKC-uncommon.png,https://r2.videreproject.com/set-symbols/MKC-uncommon.png,2026-08-11T06:16:04.848Z,image/png,1235,08e44e592a83c1c5e5f2712e6734011b5920275dfa9c858c917e6b2db9bea694
set-symbols/MKM-common.png,https://r2.videreproject.com/set-symbols/MKM-common.png,2026-08-11T06:16:05.473Z,image/png,1071,c3808715b86b9578c52c2430259456296912edb3d7ea8f7b0e81d5b11d14cfef
set-symbols/MKM-mythic.png,https://r2.videreproject.com/set-symbols/MKM-mythic.png,2026-08-11T06:16:06.086Z,image/png,1431,e31cb5bc1aee0fef01eb75beb92d68a9bf34daf1ce7bcfc47fa1260c98cfc172
set-symbols/MKM-rare.png,https://r2.videreproject.com/set-symbols/MKM-rare.png,2026-08-11T06:16:06.761Z,image/png,1478,4d5a271b4fee534841b48df3005fef0333452ca034c3443ffcc1a3a7baa9e500
set-symbols/MKM-uncommon.png,https://r2.videreproject.com/set-symbols/MKM-uncommon.png,2026-08-11T06:16:07.340Z,image/png,1487,fd001b73d7bbd887fa4428125bcbb4454ed6b11ef9ef1bcc5cf9763ef29a790c
set-symbols/MM-common.png,https://r2.videreproject.com/set-symbols/MM-common.png,2026-08-11T06:16:07.925Z,image/png,1508,f4d716504459562716345123bbb1eccc3cdfd67e516c5a025bd33cf5f13e36f5
set-symbols/MM-rare.png,https://r2.videreproject.com/set-symbols/MM-rare.png,2026-08-11T06:16:08.676Z,image/png,1926,9448778f798b811ed967f900db08052cfc111a63f5c284706ee006aa1d7037de
set-symbols/MM-uncommon.png,https://r2.videreproject.com/set-symbols/MM-uncommon.png,2026-08-11T06:16:09.579Z,image/png,1922,9cb6dd5567f676c1380eef20e20a3f48e111f5b70e791d7f85f2975b0d6b663e
set-symbols/MM2-common.png,https://r2.videreproject.com/set-symbols/MM2-common.png,2026-08-11T06:16:10.392Z,image/png,15658,f20c03667fdc7aa38ecadd2d1a0e3cf657a541d30ee9ea844059fb5b321fa685
set-symbols/MM2-mythic.png,https://r2.videreproject.com/set-symbols/MM2-mythic.png,2026-08-11T06:16:11.046Z,image/png,2434,7cd7f67d1452034c7fd1d0d837b09bcfe89b47cbd3a0f75f50cc9dd0738ade30
set-symbols/MM2-rare.png,https://r2.videreproject.com/set-symbols/MM2-rare.png,2026-08-11T06:16:11.646Z,image/png,2481,b54d5cc2659274026af62466b798da68832888abeca12907981b5d83fe9489d9
set-symbols/MM2-uncommon.png,https://r2.videreproject.com/set-symbols/MM2-uncommon.png,2026-08-11T06:16:12.274Z,image/png,2500,4a6f001cbc3c690997a59315d229e9093a46a72fa557f323a4722d60b030b16d
set-symbols/MM3-common.png,https://r2.videreproject.com/set-symbols/MM3-common.png,2026-08-11T06:16:12.905Z,image/png,18878,8fee564242e4074d5af05b3277c171d2fcdfb1f8edfa26c5938add098ee1af11
set-symbols/MM3-mythic.png,https://r2.videreproject.com/set-symbols/MM3-mythic.png,2026-08-11T06:16:13.479Z,image/png,19359,65b3cead44c9af9dd6d2a3e0a63ae5ef0554ea1bd91026a2e24c2d9940bbdd52
set-symbols/MM3-rare.png,https://r2.videreproject.com/set-symbols/MM3-rare.png,2026-08-11T06:16:14.144Z,image/png,19366,4f44a9c3292223f5a4fda727e58a5391c7948a0da89125926424d47263446c42
set-symbols/MM3-uncommon.png,https://r2.videreproject.com/set-symbols/MM3-uncommon.png,2026-08-11T06:16:14.712Z,image/png,19358,2e662129085138f1a9ca1da082b830f933534294ff901d9491996fdad43d786d
set-symbols/MMA-common.png,https://r2.videreproject.com/set-symbols/MMA-common.png,2026-08-11T06:16:15.325Z,image/png,1042,9695023826047feb3b7e0a9f2ee62c340b4b83c5bdfd46cef2e102dcf3dc23fd
set-symbols/MMA-mythic.png,https://r2.videreproject.com/set-symbols/MMA-mythic.png,2026-08-11T06:16:15.976Z,image/png,1605,4480d08bdc3962e39c0bb3d9c6bc2ab2f5603597e804ab94b0cca9644e93fbe0
set-symbols/MMA-rare.png,https://r2.videreproject.com/set-symbols/MMA-rare.png,2026-08-11T06:16:16.729Z,image/png,1720,1a025db78f7234af22aaa887c0b841e2674abc941ddce434ac69928f5c8a87b1
set-symbols/MMA-uncommon.png,https://r2.videreproject.com/set-symbols/MMA-uncommon.png,2026-08-11T06:16:17.280Z,image/png,1591,27477e38df932773ddb7404a5c85eb68584031b0c5622b762fbdd62f544b91ed
set-symbols/MOC-common.png,https://r2.videreproject.com/set-symbols/MOC-common.png,2026-08-11T06:16:18.268Z,image/png,1262,ffe297075cdc1342af50319a7bdb3d785d49fed1d4e50195528d3d62fd5a11c3
set-symbols/MOC-mythic.png,https://r2.videreproject.com/set-symbols/MOC-mythic.png,2026-08-11T06:16:18.866Z,image/png,1659,f6c2a733e815ef171e15225e3384c35f13f5832bec5cb32b1a34251aea95fb7c
set-symbols/MOC-rare.png,https://r2.videreproject.com/set-symbols/MOC-rare.png,2026-08-11T06:16:19.558Z,image/png,1640,c5554f047791a79d67e1084f555146b3e44cdba199e8653f13c65deaa35a6640
set-symbols/MOC-uncommon.png,https://r2.videreproject.com/set-symbols/MOC-uncommon.png,2026-08-11T06:16:20.180Z,image/png,1659,008d6fbb08d4f74fd9209996ca0741c9ff9b30797a3fe97540102bb722c47fea
set-symbols/MOM-common.png,https://r2.videreproject.com/set-symbols/MOM-common.png,2026-08-11T06:16:20.813Z,image/png,1889,abc8c6c20b58ab2c14c7eb1da6e8d3df132cf09be04f099882850a41a65a6d9b
set-symbols/MOM-mythic.png,https://r2.videreproject.com/set-symbols/MOM-mythic.png,2026-08-11T06:16:21.453Z,image/png,2114,8b5b0407d2c1d393b0e1f66abc1ae0e309fafa48fbd4e86399046a9cc146264c
set-symbols/MOM-rare.png,https://r2.videreproject.com/set-symbols/MOM-rare.png,2026-08-11T06:16:22.005Z,image/png,2187,09d8e3b7a87de2f3fa7e870f4128876ea6b0312f60a6faea9b8db6aa6fc88ca5
set-symbols/MOM-uncommon.png,https://r2.videreproject.com/set-symbols/MOM-uncommon.png,2026-08-11T06:16:22.576Z,image/png,2227,3a22faf34b152e3723726d3e208be97835f11d98700b989aa809972f5efd4dca
set-symbols/MOR-common.png,https://r2.videreproject.com/set-symbols/MOR-common.png,2026-08-11T06:16:23.233Z,image/png,1245,d4d3c4c93fae05d1d51bff1a1b99daa39c7eb49fda6373e86c331168ad326d75
set-symbols/MOR-rare.png,https://r2.videreproject.com/set-symbols/MOR-rare.png,2026-08-11T06:16:24.094Z,image/png,1469,59c93eda65a7f00767c6c97e9bb2b77526961050d6ea8405c9f6574dc1d14b7c
set-symbols/MOR-uncommon.png,https://r2.videreproject.com/set-symbols/MOR-uncommon.png,2026-08-11T06:16:24.755Z,image/png,1484,a2094e290969eeb6b63cfb95194e9cd61fac8a7bcf6fd270ad4117f8e8a18834
set-symbols/MRD-common.png,https://r2.videreproject.com/set-symbols/MRD-common.png,2026-08-11T06:16:25.332Z,image/png,1883,b2ca04d75957f176da51f46c1ca79870c548d2818fd3031a2cbc7589daee0715
set-symbols/MRD-rare.png,https://r2.videreproject.com/set-symbols/MRD-rare.png,2026-08-11T06:16:25.920Z,image/png,2234,18679a8d09af3bd4534d926fd3c4ac949052af1bf1157e0ff83600a691b2c48a
set-symbols/MRD-uncommon.png,https://r2.videreproject.com/set-symbols/MRD-uncommon.png,2026-08-11T06:16:26.487Z,image/png,2178,6411377da9da981da350783b8e5c74eee35229c8cb9c8a9f42a4bdc673b3d8fb
set-symbols/MRP-common.png,https://r2.videreproject.com/set-symbols/MRP-common.png,2026-08-11T06:16:27.109Z,image/png,1386,8e79bd0deb787771eb7a4ed150a00b4114a8c0d29a55b1d861fb7339c038f3a9
set-symbols/MRP-mythic.png,https://r2.videreproject.com/set-symbols/MRP-mythic.png,2026-08-11T06:16:27.708Z,image/png,1461,310dbb44666173b5bde1db67cebc8a77a751619a999d8570624328237e6d7d73
set-symbols/MRP-rare.png,https://r2.videreproject.com/set-symbols/MRP-rare.png,2026-08-11T06:16:28.278Z,image/png,1608,885a659879d865b4c9dcff14ebf3dc8a70fce409188a128bfd0d87b34c2a4d96
set-symbols/MRP-uncommon.png,https://r2.videreproject.com/set-symbols/MRP-uncommon.png,2026-08-11T06:16:28.923Z,image/png,1610,dce7e4596a3a4eeecb71f04405434371e1de2c2a969a1cf16c07f62853692c20
set-symbols/MS2-bonus.png,https://r2.videreproject.com/set-symbols/MS2-bonus.png,2026-08-11T06:16:29.655Z,image/png,19076,2e3952187774798349214eaf1d9ddff83d4e3409225d36309fab7e908b4838bd
set-symbols/MS3-common.png,https://r2.videreproject.com/set-symbols/MS3-common.png,2026-08-11T06:16:30.320Z,image/png,28206,6d855fa47550224a1fce9f87487c16ba994ff7df0c8c92ee4734fff22c382358
set-symbols/MS4-mythic.png,https://r2.videreproject.com/set-symbols/MS4-mythic.png,2026-08-11T06:16:30.877Z,image/png,1501,e972eee68b5c0f8c5887642c7dda110e772867e75ee1c17f92eed742bfb030f1
set-symbols/MSC-common.png,https://r2.videreproject.com/set-symbols/MSC-common.png,2026-08-11T06:16:31.476Z,image/png,1567,c75f6bc92b6bc56ff6c20eedd70da937e370876c334c5aae005112392ac75555
set-symbols/MSC-mythic.png,https://r2.videreproject.com/set-symbols/MSC-mythic.png,2026-08-11T06:16:32.350Z,image/png,2089,802c4906f9e8203f28ed1e9432d7a59b5cb21ac6bd89752477df3fc031292ec8
set-symbols/MSC-rare.png,https://r2.videreproject.com/set-symbols/MSC-rare.png,2026-08-11T06:16:32.936Z,image/png,2125,2ca56286b41d39b5bc0cefe3af89d9ef557fd9b03f9eba0d9a11febf438268d7
set-symbols/MSC-uncommon.png,https://r2.videreproject.com/set-symbols/MSC-uncommon.png,2026-08-11T06:16:33.571Z,image/png,2188,3e6ff7f33730e6e5108ec0ebdb668b5fcc3bf9ba12788240fbce9ffac696f012
set-symbols/MSH-common.png,https://r2.videreproject.com/set-symbols/MSH-common.png,2026-08-11T06:16:34.136Z,image/png,1637,6dae4f408bd24f88c9331471fa879c67192cf5b8d39cbd8cb94750f68466d336
set-symbols/MSH-mythic.png,https://r2.videreproject.com/set-symbols/MSH-mythic.png,2026-08-11T06:16:34.803Z,image/png,1890,fe3bc06a58f0ca8562bf2f370aaecb6a5986bf81bfc8f215ad08e79c65b32664
set-symbols/MSH-rare.png,https://r2.videreproject.com/set-symbols/MSH-rare.png,2026-08-11T06:16:35.597Z,image/png,1878,6360f3db6862850e78b4862fbe2446f05b05dc196b67dc74e3547dd187b4a6e6
set-symbols/MSH-uncommon.png,https://r2.videreproject.com/set-symbols/MSH-uncommon.png,2026-08-11T06:16:35.928Z,image/png,1931,20f540df3e2d14f7ef6ade9f9045d6b88ace8141a3688d89aca05c5821c38371
set-symbols/MUL-common.png,https://r2.videreproject.com/set-symbols/MUL-common.png,2026-08-11T06:16:36.265Z,image/png,1752,e99da9bf7ea3605c51ee2518261ab4b4c06c25dc5298f18fa3f93510366020b7
set-symbols/MUL-mythic.png,https://r2.videreproject.com/set-symbols/MUL-mythic.png,2026-08-11T06:16:36.593Z,image/png,2080,bbd66c015d2c769583e591b147786df223fa89f9670a88a73a84bf71d27f6fbc
set-symbols/MUL-rare.png,https://r2.videreproject.com/set-symbols/MUL-rare.png,2026-08-11T06:16:36.924Z,image/png,2166,fef0586884962a3978bff187348c1c2c6d236c74bc841c918501cb640ba5950c
set-symbols/MUL-uncommon.png,https://r2.videreproject.com/set-symbols/MUL-uncommon.png,2026-08-11T06:16:37.207Z,image/png,2178,1a87148528e8c0b78d66d79c0a424a4a6fd84694c7ac45662890618903ddce3c
set-symbols/NCC-common.png,https://r2.videreproject.com/set-symbols/NCC-common.png,2026-08-11T06:16:37.532Z,image/png,1135,07490db0d8bdadaf6865fb0890c4081e221fea9b14c5d7b60118b50de80d7854
set-symbols/NCC-mythic.png,https://r2.videreproject.com/set-symbols/NCC-mythic.png,2026-08-11T06:16:37.835Z,image/png,1222,4760b5c55ba5ed089975555e60174374be8796d059bab68489f5f940266055bf
set-symbols/NCC-rare.png,https://r2.videreproject.com/set-symbols/NCC-rare.png,2026-08-11T06:16:38.155Z,image/png,1279,f7a7a3ab582e7eef82e40cb4554192825a97e33b6ae427e047195409a74d12aa
set-symbols/NCC-uncommon.png,https://r2.videreproject.com/set-symbols/NCC-uncommon.png,2026-08-11T06:16:38.430Z,image/png,1287,887474d5b8c9eb2feb696af93810c413dfb6bd0da311ed1270e963c9d0c69c09
set-symbols/NE-common.png,https://r2.videreproject.com/set-symbols/NE-common.png,2026-08-11T06:16:38.773Z,image/png,2059,147b3354a835e3bb37fa79ad8b371b5dc7713828d36342d5ba24b62c60572a7a
set-symbols/NE-rare.png,https://r2.videreproject.com/set-symbols/NE-rare.png,2026-08-11T06:16:39.335Z,image/png,2352,a2b43122abcf27dc1a88f6f1610b8fe3eee44001068b2c0b2e1f2ad712171c52
set-symbols/NE-uncommon.png,https://r2.videreproject.com/set-symbols/NE-uncommon.png,2026-08-11T06:16:39.621Z,image/png,2386,7431b546a010a7728a3c0cea88b2d72adbe9e0bcad69a2c086f1c065fd0a7b73
set-symbols/NEC-common.png,https://r2.videreproject.com/set-symbols/NEC-common.png,2026-08-11T06:16:39.990Z,image/png,1321,b7461b83e4ff4e9d8b8c9ca09a47ea1834a9eccf089ba56e2d4e20d99c3c329a
set-symbols/NEC-mythic.png,https://r2.videreproject.com/set-symbols/NEC-mythic.png,2026-08-11T06:16:40.295Z,image/png,1885,8561fa2f815043f3bf1eaa1143665d92e03c4cd6417b5e4f468815786d0017b0
set-symbols/NEC-rare.png,https://r2.videreproject.com/set-symbols/NEC-rare.png,2026-08-11T06:16:40.592Z,image/png,1941,5eb07c64f043e35e85f97e37289d6dcedbef6ff25022f5d3b3c176dd47995e47
set-symbols/NEC-uncommon.png,https://r2.videreproject.com/set-symbols/NEC-uncommon.png,2026-08-11T06:16:40.943Z,image/png,1979,8d4317fab2e2837fababd14bf754f83894452a2bebc3cb94f1b1bb7599b444b5
set-symbols/NEO-common.png,https://r2.videreproject.com/set-symbols/NEO-common.png,2026-08-11T06:16:41.318Z,image/png,1313,ee39c20d1e973432a9bccafa4fafc54216b15e30fd65fa5a2b83f8e13bf922c5
set-symbols/NEO-mythic.png,https://r2.videreproject.com/set-symbols/NEO-mythic.png,2026-08-11T06:16:41.655Z,image/png,2187,db3e8754ef52be398d22d38f604809ca82320218609a3814c50eb4aacd87026d
set-symbols/NEO-rare.png,https://r2.videreproject.com/set-symbols/NEO-rare.png,2026-08-11T06:16:42.107Z,image/png,2267,0bb6731f4b6b6bb7f80fe6e445976b444f5e3221ef7aad11c4150430d0759787
set-symbols/NEO-uncommon.png,https://r2.videreproject.com/set-symbols/NEO-uncommon.png,2026-08-11T06:16:42.580Z,image/png,2252,402ea212055833f2d25c1b6ed68a7430d1d2ea89b5fa04eb5c87dfdcea5d2738
set-symbols/NPH-common.png,https://r2.videreproject.com/set-symbols/NPH-common.png,2026-08-11T06:16:42.869Z,image/png,640,62598a5e62114ccd184c4a0a051c4511ddf69036885713f21b845edc3a52de0c
set-symbols/NPH-mythic.png,https://r2.videreproject.com/set-symbols/NPH-mythic.png,2026-08-11T06:16:43.324Z,image/png,888,5afac0be6d067a4f9bc552262df7e1402e4db17eacc2524983ef8aa21d644989
set-symbols/NPH-rare.png,https://r2.videreproject.com/set-symbols/NPH-rare.png,2026-08-11T06:16:43.665Z,image/png,815,2abb69ae4088eacbddee7ec01f2391f3771f31ef3b9154c603b1e0e5eddedb29
set-symbols/NPH-uncommon.png,https://r2.videreproject.com/set-symbols/NPH-uncommon.png,2026-08-11T06:16:43.950Z,image/png,814,55b946e452f48770f3ac1d6ac65106bd8ee8d09cd4b41964318ad74f343aab37
set-symbols/OD-common.png,https://r2.videreproject.com/set-symbols/OD-common.png,2026-08-11T06:16:44.260Z,image/png,1165,0afb61173a90cb580731438d3fab45f17c33f4cb93e4472e04038189017c7f75
set-symbols/OD-rare.png,https://r2.videreproject.com/set-symbols/OD-rare.png,2026-08-11T06:16:44.903Z,image/png,1366,d015274f938703ef309d5fc144adc8a0e2e981f6db4e57dd39365f9f5a5e095c
set-symbols/OD-uncommon.png,https://r2.videreproject.com/set-symbols/OD-uncommon.png,2026-08-11T06:16:45.262Z,image/png,1368,ce250fbb3cc67c3b8e5c89e6986a811478d77448ccfb3c53c226886a540832d8
set-symbols/OGW-common.png,https://r2.videreproject.com/set-symbols/OGW-common.png,2026-08-11T06:16:45.581Z,image/png,18356,21acea256a28f829f6761a8be75119b878fd6e360af6d666bb209e2779e19106
set-symbols/OGW-mythic.png,https://r2.videreproject.com/set-symbols/OGW-mythic.png,2026-08-11T06:16:45.896Z,image/png,1784,15c09396d6632f1a32aa38ffc8cf50673673bc72f2670cd935f17244c4b3d6f0
set-symbols/OGW-rare.png,https://r2.videreproject.com/set-symbols/OGW-rare.png,2026-08-11T06:16:46.239Z,image/png,1852,4cb8e21e6c051b5f3866545df7cce2aedb214eb7ebebe9394fe313bc9c9cca22
set-symbols/OGW-uncommon.png,https://r2.videreproject.com/set-symbols/OGW-uncommon.png,2026-08-11T06:16:46.552Z,image/png,1870,ca37e8e662d49412030eeee2cac40971e80067cbaf2f17a8e5e5d8f4f8e1f76e
set-symbols/OM1-common.png,https://r2.videreproject.com/set-symbols/OM1-common.png,2026-08-11T06:16:46.908Z,image/png,1895,898f2c28537282b9aa78b7b0e8b3c67baa9e17742625655b889726941f389de6
set-symbols/OM1-mythic.png,https://r2.videreproject.com/set-symbols/OM1-mythic.png,2026-08-11T06:16:47.279Z,image/png,2108,2036cc7e7c6661ae6787a6344d020b02342e9212b865a1ae49b9277213d59558
set-symbols/OM1-rare.png,https://r2.videreproject.com/set-symbols/OM1-rare.png,2026-08-11T06:16:47.583Z,image/png,2102,c3cd9a5029b9383de9422ebdd43fb01e324df7caaecb0224e7fbf3336c0cb76a
set-symbols/OM1-uncommon.png,https://r2.videreproject.com/set-symbols/OM1-uncommon.png,2026-08-11T06:16:48.043Z,image/png,2116,1f8bda065a2fc86644e462d6da3ae4113f861f0a1ef8a89fc1888e427ef4b566
set-symbols/OMB-common.png,https://r2.videreproject.com/set-symbols/OMB-common.png,2026-08-11T06:16:48.763Z,image/png,1871,bcbff5c75bf4b5e92e90d6a43c06a2ecf3da6a95f3bdbbc3125204870fc8f60a
set-symbols/OMB-mythic.png,https://r2.videreproject.com/set-symbols/OMB-mythic.png,2026-08-11T06:16:49.083Z,image/png,2197,448edf8d4b99f1b17277c92400a20bb1ce32a78f4d938a50a12157db8f52d74a
set-symbols/OMB-rare.png,https://r2.videreproject.com/set-symbols/OMB-rare.png,2026-08-11T06:16:49.410Z,image/png,2246,f3ac4051f20e1c44780eb4bd546c1ec3c905ee21318e43f2a13908766076368c
set-symbols/OMB-uncommon.png,https://r2.videreproject.com/set-symbols/OMB-uncommon.png,2026-08-11T06:16:49.733Z,image/png,2264,4e3ece0acd8afc1f0d83a7fda0f1087a9a863941d5e2bc20a49af14c1cfcbf8f
set-symbols/ONC-common.png,https://r2.videreproject.com/set-symbols/ONC-common.png,2026-08-11T06:16:50.014Z,image/png,1078,7b27757845fd0ac318ebfd64e79d786e0b5e483fdc8ad82551d8cbf732f1160e
set-symbols/ONC-mythic.png,https://r2.videreproject.com/set-symbols/ONC-mythic.png,2026-08-11T06:16:50.352Z,image/png,1373,a68b79530a8dc2bcf5db78eb042d8794b602f0f500cdc3f0d00dce50b463281e
set-symbols/ONC-rare.png,https://r2.videreproject.com/set-symbols/ONC-rare.png,2026-08-11T06:16:50.716Z,image/png,1395,5712059f81077c5a86aed5c7d478cb568b015c3e1f83216f8f415dcf0ea57a0e
set-symbols/ONC-uncommon.png,https://r2.videreproject.com/set-symbols/ONC-uncommon.png,2026-08-11T06:16:50.992Z,image/png,1403,317523c0638d3ce8a20befefe5cf87697d79e109bf0ef84d9ab67d9eb974d3ef
set-symbols/ONE-common.png,https://r2.videreproject.com/set-symbols/ONE-common.png,2026-08-11T06:16:51.311Z,image/png,961,82f415e57e6d7dae96d122f4d74069aad9eda7df3301c993a89ba8db91e8d7e1
set-symbols/ONE-mythic.png,https://r2.videreproject.com/set-symbols/ONE-mythic.png,2026-08-11T06:16:51.631Z,image/png,1592,7aeab4a36a1310406366c1bb20aa8d53a484fb10177a7e757246415ac5a5e903
set-symbols/ONE-rare.png,https://r2.videreproject.com/set-symbols/ONE-rare.png,2026-08-11T06:16:51.945Z,image/png,1678,63b3c31b61e95792f491a412ed51214692bf00a8c60edeb589dd5c5a683c337a
set-symbols/ONE-uncommon.png,https://r2.videreproject.com/set-symbols/ONE-uncommon.png,2026-08-11T06:16:52.239Z,image/png,1692,e7c0bb52e1fa080b471f6f8b1a36ea918d1f3cdf0426073806e45f23a8404afc
set-symbols/ONS-common.png,https://r2.videreproject.com/set-symbols/ONS-common.png,2026-08-11T06:16:52.541Z,image/png,1952,de0c957167055abe6a5ed3a89dd0aceeb67417fe941844bf3271fec74b9fb3aa
set-symbols/ONS-rare.png,https://r2.videreproject.com/set-symbols/ONS-rare.png,2026-08-11T06:16:52.839Z,image/png,2286,b5ae57021a8fc415a3f95859ac9e33af74af6dc3ca4a7c888204a19bdeb1860d
set-symbols/ONS-uncommon.png,https://r2.videreproject.com/set-symbols/ONS-uncommon.png,2026-08-11T06:16:53.167Z,image/png,2286,352626a248b47b797f1eb1c825147a4f11c1f21bc8462280d1c72685a65bab84
set-symbols/ORI-common.png,https://r2.videreproject.com/set-symbols/ORI-common.png,2026-08-11T06:16:53.483Z,image/png,1941,8d38fff1ede65e9c388d3ebb7c1178e54f043de01ebe0d60ddced19c59841b1a
set-symbols/ORI-mythic.png,https://r2.videreproject.com/set-symbols/ORI-mythic.png,2026-08-11T06:16:53.782Z,image/png,2180,e01718772689f5685fe6d44dbece506f737d7ca5070b624ef244a240e626871d
set-symbols/ORI-rare.png,https://r2.videreproject.com/set-symbols/ORI-rare.png,2026-08-11T06:16:54.103Z,image/png,2441,4ba887df61daf7a661ae508b663e66803beb2785f71a9316d7abbb1577dc9799
set-symbols/ORI-uncommon.png,https://r2.videreproject.com/set-symbols/ORI-uncommon.png,2026-08-11T06:16:54.434Z,image/png,2478,7618234ea0c95449fb4983155f29da2b132a51a4c25a0e8ea0752f3c502596f6
set-symbols/OTC-common.png,https://r2.videreproject.com/set-symbols/OTC-common.png,2026-08-11T06:16:54.797Z,image/png,1536,a213c9176e8a746f56196b2b0ba158da806f12a812681cb21a3ce9613601897a
set-symbols/OTC-mythic.png,https://r2.videreproject.com/set-symbols/OTC-mythic.png,2026-08-11T06:16:55.059Z,image/png,1827,ac9d8162a2992cda01f4cfdec5186db21d2da4f28e6453f1f1ccc26d2fb39e1b
set-symbols/OTC-rare.png,https://r2.videreproject.com/set-symbols/OTC-rare.png,2026-08-11T06:16:55.328Z,image/png,1888,1862c26934b8bc447dcfbaec48f4745a24e0107f03f353f73bd6288400467f4b
set-symbols/OTC-uncommon.png,https://r2.videreproject.com/set-symbols/OTC-uncommon.png,2026-08-11T06:16:55.624Z,image/png,1896,fa39746bde903a3e6d18151a0345a1dedd42d1777d4c11431f0f90ff9e2e9799
set-symbols/OTJ-common.png,https://r2.videreproject.com/set-symbols/OTJ-common.png,2026-08-11T06:16:55.952Z,image/png,1599,7441a2b2e89da8e607e565bafdbf76a2ff21618545884871091601733463a6cb
set-symbols/OTJ-mythic.png,https://r2.videreproject.com/set-symbols/OTJ-mythic.png,2026-08-11T06:16:56.264Z,image/png,2113,0eee1873459113970cbf8a15932857322f66da8cf8b8ea761e24a1ac995dc394
set-symbols/OTJ-rare.png,https://r2.videreproject.com/set-symbols/OTJ-rare.png,2026-08-11T06:16:56.616Z,image/png,2266,b874cfc593269125f9f92cf2151290a47d4e6b915824bbe6cf10dff8e200d870
set-symbols/OTJ-uncommon.png,https://r2.videreproject.com/set-symbols/OTJ-uncommon.png,2026-08-11T06:16:56.926Z,image/png,2258,e016ec598b70ec902957f30f8cf923f40af9f671df5602251be3cb0eb8aa09a8
set-symbols/OTP-common.png,https://r2.videreproject.com/set-symbols/OTP-common.png,2026-08-11T06:16:57.292Z,image/png,1074,f246867ab02c4d4c3c225974b6490eb00dccade0fff8d4b8f017747dde76df00
set-symbols/OTP-mythic.png,https://r2.videreproject.com/set-symbols/OTP-mythic.png,2026-08-11T06:16:57.573Z,image/png,1570,e88dd995fbdc38c1f8dec56a86b10dd09f91a27fb4f18646d5fb066331d55e46
set-symbols/OTP-rare.png,https://r2.videreproject.com/set-symbols/OTP-rare.png,2026-08-11T06:16:57.864Z,image/png,1618,d30fc2a949e2d0435c7dd838b90bff9acdbc5d49e9234692d5c4272e05895686
set-symbols/OTP-uncommon.png,https://r2.videreproject.com/set-symbols/OTP-uncommon.png,2026-08-11T06:16:58.399Z,image/png,1748,6d434872aad053c10b0028ddab55384797adc57aa3e479699cc145d0c69c5d1a
set-symbols/P2-common.png,https://r2.videreproject.com/set-symbols/P2-common.png,2026-08-11T06:16:58.687Z,image/png,1296,e5333d906da0c7d1aa0b6cd82a006442a5ab3225807ad83885f88d7b16a05b1a
set-symbols/P2-rare.png,https://r2.videreproject.com/set-symbols/P2-rare.png,2026-08-11T06:16:59.136Z,image/png,1678,e8c7816cb2a6db8f1de9529b9b7d1b9b04d17585435f45a0ed74179350ad1b9a
set-symbols/P2-uncommon.png,https://r2.videreproject.com/set-symbols/P2-uncommon.png,2026-08-11T06:16:59.557Z,image/png,1702,46ee2e8a9fe79c4007c746b1eb4b0c9ee008b48c43d8216d55def2bf1184af78
set-symbols/PC1-common.png,https://r2.videreproject.com/set-symbols/PC1-common.png,2026-08-11T06:17:00.137Z,image/png,1480,e061a28634848748579873ad688e413fcb70c744e8ffe447001b2440170f9c0a
set-symbols/PC1-mythic.png,https://r2.videreproject.com/set-symbols/PC1-mythic.png,2026-08-11T06:17:00.455Z,image/png,1735,a9958963b13503fadea990229426ca76450f04a66ad44f79cdb1573ec996b25e
set-symbols/PC1-rare.png,https://r2.videreproject.com/set-symbols/PC1-rare.png,2026-08-11T06:17:00.787Z,image/png,1724,c08b527732fc26b98d986ff7daee342fb2ff1cbea3a3cd32a0fdcd07870af3f7
set-symbols/PC1-uncommon.png,https://r2.videreproject.com/set-symbols/PC1-uncommon.png,2026-08-11T06:17:01.139Z,image/png,1722,91e43df65cb3351b9870c2b77843e32a8d717e7d3f99e2369b6f2444351dcde7
set-symbols/PC2-common.png,https://r2.videreproject.com/set-symbols/PC2-common.png,2026-08-11T06:17:01.489Z,image/png,1509,7231117e90f1a97aa7f57bfe260535554e6ace824232176f5924443b97bead4e
set-symbols/PC2-mythic.png,https://r2.videreproject.com/set-symbols/PC2-mythic.png,2026-08-11T06:17:01.760Z,image/png,2170,0e6b6511c75543f2c649b2ad8dae1c9b6446221da586168829dbb2dffcdac586
set-symbols/PC2-rare.png,https://r2.videreproject.com/set-symbols/PC2-rare.png,2026-08-11T06:17:02.072Z,image/png,1966,ecce55a1176cdfbb28718dece4e9781fdc614b4075ae368657822259876e24f1
set-symbols/PC2-uncommon.png,https://r2.videreproject.com/set-symbols/PC2-uncommon.png,2026-08-11T06:17:02.373Z,image/png,2018,5e491e9009fc51aa30eca2276e82081987bd8ef56599152f52e69df13efb0d12
set-symbols/PD2-common.png,https://r2.videreproject.com/set-symbols/PD2-common.png,2026-08-11T06:17:02.670Z,image/png,857,667c4a9d6f264632f27d40b6509b3226979c08613e1f00d423e89898bcce71fc
set-symbols/PD2-mythic.png,https://r2.videreproject.com/set-symbols/PD2-mythic.png,2026-08-11T06:17:03.015Z,image/png,1282,29dc9a1ba660d759cb12337e06f47e1952f53b36c98849edcd7c6343e46d67dd
set-symbols/PD2-rare.png,https://r2.videreproject.com/set-symbols/PD2-rare.png,2026-08-11T06:17:03.379Z,image/png,1152,4762dd700043b5c38e24a6fa577242a1420dedc93699e0429ed86209dd7a3d8f
set-symbols/PD2-uncommon.png,https://r2.videreproject.com/set-symbols/PD2-uncommon.png,2026-08-11T06:17:03.661Z,image/png,1167,c95824eb61050fd6fd96a66b4f59c5eab2a84cc003e3b72de0bcc3bed5b709bd
set-symbols/PD3-common.png,https://r2.videreproject.com/set-symbols/PD3-common.png,2026-08-11T06:17:03.947Z,image/png,1047,7aebe2a9429e38a710be4fcdf725f50fa499f7e18372ec6b2211e00c3aaa3db1
set-symbols/PD3-mythic.png,https://r2.videreproject.com/set-symbols/PD3-mythic.png,2026-08-11T06:17:04.327Z,image/png,1622,4e23442dd0ed2cd7398bab4ca1cc92031e6f7ad3e224f2d9a9bbbb255bb8cb51
set-symbols/PD3-rare.png,https://r2.videreproject.com/set-symbols/PD3-rare.png,2026-08-11T06:17:04.630Z,image/png,1526,3adec4158573beb7f7accfdf6e910e141ae773f2d8957859e74aa3f2f24418bf
set-symbols/PD3-uncommon.png,https://r2.videreproject.com/set-symbols/PD3-uncommon.png,2026-08-11T06:17:04.936Z,image/png,1536,84a3698529875f01319a4cc84eecc255483e5df0bb160202bbcbe4c568574000
set-symbols/PIP-common.png,https://r2.videreproject.com/set-symbols/PIP-common.png,2026-08-11T06:17:05.232Z,image/png,1149,0b8fd67a4d6384749ce940c69009f54ce3a593a85cc136f715676251812224d3
set-symbols/PIP-mythic.png,https://r2.videreproject.com/set-symbols/PIP-mythic.png,2026-08-11T06:17:05.531Z,image/png,1498,50bf26dd7d15493a13002c91670d9c5d5ca7646154cfb32c232ae1cff162d7ea
set-symbols/PIP-rare.png,https://r2.videreproject.com/set-symbols/PIP-rare.png,2026-08-11T06:17:05.853Z,image/png,1518,3f646421e79d61d73763f742145ea1413a72a9d1f3220bcbedbe089dd8138dfc
set-symbols/PIP-uncommon.png,https://r2.videreproject.com/set-symbols/PIP-uncommon.png,2026-08-11T06:17:06.264Z,image/png,1518,dc1f7c8957c596f46037f75271e0ca26f0a2547d071b79276b39d81c9362f4f3
set-symbols/PK-common.png,https://r2.videreproject.com/set-symbols/PK-common.png,2026-08-11T06:17:06.586Z,image/png,1504,043158cc6cbd6f8be81430f70b008651bab5257e9e82748ddd9e8b7de5a0aaa8
set-symbols/PK-rare.png,https://r2.videreproject.com/set-symbols/PK-rare.png,2026-08-11T06:17:06.877Z,image/png,1747,8431f269ae44aa74b8abebe32574779084808062cb6b281765a82e9b28363104
set-symbols/PK-uncommon.png,https://r2.videreproject.com/set-symbols/PK-uncommon.png,2026-08-11T06:17:07.170Z,image/png,1749,8de41c5b11df48e0c908f682b23deabfbab9714516af4ca7d209710825b63092
set-symbols/PLC-common.png,https://r2.videreproject.com/set-symbols/PLC-common.png,2026-08-11T06:17:07.649Z,image/png,1363,99246fafd3b6610fe68d02ec512e9a0deda2d17d12cf16e95e7cb7824755f3c9
set-symbols/PLC-rare.png,https://r2.videreproject.com/set-symbols/PLC-rare.png,2026-08-11T06:17:07.929Z,image/png,1755,617fc37c236018895be35cefc220384c3f4ad31ba752765950dc2d06717f9ad5
set-symbols/PLC-uncommon.png,https://r2.videreproject.com/set-symbols/PLC-uncommon.png,2026-08-11T06:17:08.250Z,image/png,1797,a31e247d0bbba9a32d161a018f395841b0fbe93c81b7610f6dffd78df1629a65
set-symbols/PO-common.png,https://r2.videreproject.com/set-symbols/PO-common.png,2026-08-11T06:17:08.587Z,image/png,1758,431b13a290c18e10a4bea0960b8721dbe93abdc1523f03c003aa7353dbe0c563
set-symbols/PO-rare.png,https://r2.videreproject.com/set-symbols/PO-rare.png,2026-08-11T06:17:09.033Z,image/png,1874,3e9c2c08d249bb631f0d257964d2d51aca3f27bfb914412a22b1cbc9a81f3651
set-symbols/PO-uncommon.png,https://r2.videreproject.com/set-symbols/PO-uncommon.png,2026-08-11T06:17:09.318Z,image/png,1872,df7567f3a52cb6f3c625df6aee8fe2acbe4af455423b3e6f4cc0f7b737304f81
set-symbols/PR-common.png,https://r2.videreproject.com/set-symbols/PR-common.png,2026-08-11T06:17:09.758Z,image/png,1754,99292939ba910d463bbd84209aa354678d0495b3046770e0c4fe908b6ba307c8
set-symbols/PR-rare.png,https://r2.videreproject.com/set-symbols/PR-rare.png,2026-08-11T06:17:10.095Z,image/png,2226,e664bc223be9b6b6eff3a821d68935c698e3259520c9386ded460b89b1b1777e
set-symbols/PR-uncommon.png,https://r2.videreproject.com/set-symbols/PR-uncommon.png,2026-08-11T06:17:10.588Z,image/png,2216,6249e747b0592d9d928ace5400e862f52e416d9af70451329a00ecb3f385be58
set-symbols/PRM-common.png,https://r2.videreproject.com/set-symbols/PRM-common.png,2026-08-11T06:17:10.859Z,image/png,1413,73b153a1f998a41027a966a1f7db2a968baad315b1f2f5c47693f57afbf86a0b
set-symbols/PRM-mythic.png,https://r2.videreproject.com/set-symbols/PRM-mythic.png,2026-08-11T06:17:11.333Z,image/png,1923,11e6733b921ec259e4c8881b3c9c4556607ed4dc00726ea2a625e06ed7cef958
set-symbols/PRM-rare.png,https://r2.videreproject.com/set-symbols/PRM-rare.png,2026-08-11T06:17:11.710Z,image/png,2098,72a5b2ab9ce79393eb78143c9aaf2573d209354d7b520a0b1b6180572f140e15
set-symbols/PRM-uncommon.png,https://r2.videreproject.com/set-symbols/PRM-uncommon.png,2026-08-11T06:17:12.238Z,image/png,2107,de38a477adbe18972dc5ac0d6f2f480ed94f2cbd63669e22ef6748244548a1b7
set-symbols/PS-common.png,https://r2.videreproject.com/set-symbols/PS-common.png,2026-08-11T06:17:12.505Z,image/png,1896,eedc115973b977382e440797fb56d3799015f11460cce23f08a19d108468052b
set-symbols/PS-rare.png,https://r2.videreproject.com/set-symbols/PS-rare.png,2026-08-11T06:17:12.840Z,image/png,2335,54240979ad89c484cadecf8aef6c0d772b1c4f3fb777a2df5bb06b1ea0866d52
set-symbols/PS-uncommon.png,https://r2.videreproject.com/set-symbols/PS-uncommon.png,2026-08-11T06:17:13.142Z,image/png,2344,c532689abcfe6163ccbf5266ec00b4c0264a2fad45f565d1bb5b4d55bd871e0b
set-symbols/PZ1-common.png,https://r2.videreproject.com/set-symbols/PZ1-common.png,2026-08-11T06:17:13.461Z,image/png,2252,1ca6b3c891a6d3cf2b3359ee184d96270c75fe4aca7372db52d05418aefc6cae
set-symbols/PZ1-mythic.png,https://r2.videreproject.com/set-symbols/PZ1-mythic.png,2026-08-11T06:17:13.870Z,image/png,2579,721f0bd0dd2ca708fa3f12449efed1e2448156631daf46e772c4b34d0da5c985
set-symbols/PZ1-rare.png,https://r2.videreproject.com/set-symbols/PZ1-rare.png,2026-08-11T06:17:14.170Z,image/png,2562,a1fdb1c94aa28d4be60d7cf2fced3ed65c31dbaf5ac959d296d2aa2c2afb6955
set-symbols/PZ1-uncommon.png,https://r2.videreproject.com/set-symbols/PZ1-uncommon.png,2026-08-11T06:17:14.449Z,image/png,2596,21d1879a1323a9f1953399be2ac4dbdf7f0b93b8ff796f013fa60c2779c663f2
set-symbols/PZ2-common.png,https://r2.videreproject.com/set-symbols/PZ2-common.png,2026-08-11T06:17:14.759Z,image/png,19039,059c3452631bcc918d37c765670c6591685c111cc99b63ac2012169e15ae82b1
set-symbols/PZ2-mythic.png,https://r2.videreproject.com/set-symbols/PZ2-mythic.png,2026-08-11T06:17:15.084Z,image/png,19345,4a285bbe52e6fde6a319144548738943680f7bdbbf39c1ed8c9afeacd0a70a22
set-symbols/PZ2-rare.png,https://r2.videreproject.com/set-symbols/PZ2-rare.png,2026-08-11T06:17:15.407Z,image/png,19493,09ede0a0b40698e11fac28064c551c3f42617f05b51abb19ea6fa0745e9f3802
set-symbols/PZ2-uncommon.png,https://r2.videreproject.com/set-symbols/PZ2-uncommon.png,2026-08-11T06:17:15.714Z,image/png,19516,9f8466fa04b2802e2d43933aab8a64e560eb4b21bfd0c5bee0baae1da3aede75
set-symbols/PZA-common.png,https://r2.videreproject.com/set-symbols/PZA-common.png,2026-08-11T06:17:15.999Z,image/png,2592,8000a202bbd5bb5207f3c0897e318741b04784f92d2f20e1f22b91270976b431
set-symbols/PZA-mythic.png,https://r2.videreproject.com/set-symbols/PZA-mythic.png,2026-08-11T06:17:16.893Z,image/png,2592,8000a202bbd5bb5207f3c0897e318741b04784f92d2f20e1f22b91270976b431
set-symbols/RAV-common.png,https://r2.videreproject.com/set-symbols/RAV-common.png,2026-08-11T06:17:17.469Z,image/png,579,8220e0a3499f8f4dc78919696649477fb94713b5cb5f1b041fac9552b76c44cd
set-symbols/RAV-rare.png,https://r2.videreproject.com/set-symbols/RAV-rare.png,2026-08-11T06:17:18.124Z,image/png,729,e9bc3fc86540e21db308f1d862f8a0a08524d4b414aa93313913f31b7518cf8b
set-symbols/RAV-uncommon.png,https://r2.videreproject.com/set-symbols/RAV-uncommon.png,2026-08-11T06:17:18.963Z,image/png,743,00d4535a5fc18878a2f3c4b956a680ade264a69f3451eed7ba9d4228ec7ec5dc
set-symbols/REX-common.png,https://r2.videreproject.com/set-symbols/REX-common.png,2026-08-11T06:17:19.585Z,image/png,1266,d5a1c20a2762197334ead0c360204a4be6b040fc6d1397c9a5d66ea4f70d6955
set-symbols/REX-mythic.png,https://r2.videreproject.com/set-symbols/REX-mythic.png,2026-08-11T06:17:20.184Z,image/png,1606,80cedf0269467ac73fe71bbade9b9fdf85af81bc1e3ce28f94d02bcd60624d08
set-symbols/REX-rare.png,https://r2.videreproject.com/set-symbols/REX-rare.png,2026-08-11T06:17:20.872Z,image/png,1643,1cf475f8e70c75be6fc78d08dcef381094862059cea8f240af87e7b38b8171c5
set-symbols/REX-uncommon.png,https://r2.videreproject.com/set-symbols/REX-uncommon.png,2026-08-11T06:17:21.620Z,image/png,1685,f2855ded816e3333a444af77043e33e28457787b72006112226e6224b80eb620
set-symbols/RIX-common.png,https://r2.videreproject.com/set-symbols/RIX-common.png,2026-08-11T06:17:22.215Z,image/png,932,818ab0b9c921dedb53bc9b3d3406941484c9ec04cc030d3f9746f93099314177
set-symbols/RIX-mythic.png,https://r2.videreproject.com/set-symbols/RIX-mythic.png,2026-08-11T06:17:22.772Z,image/png,1320,e5ae49755e9a64b3a77e61b565749365903e5aa7fe0197d998e080949e6bc6ea
set-symbols/RIX-rare.png,https://r2.videreproject.com/set-symbols/RIX-rare.png,2026-08-11T06:17:23.344Z,image/png,1374,e311ed4d609a8dbcebbe1c2327d6c4652e4881573a38b2afdaed629e078d5ada
set-symbols/RIX-uncommon.png,https://r2.videreproject.com/set-symbols/RIX-uncommon.png,2026-08-11T06:17:23.977Z,image/png,1385,47e547a7cae94b963516b0fe20c544741f7c44dfbc4f5661a2051e033243e9a4
set-symbols/RNA-common.png,https://r2.videreproject.com/set-symbols/RNA-common.png,2026-08-11T06:17:24.883Z,image/png,1980,b20c9b0ed3995e0fd6d55ebfe480583dbbb65959a9340fb7d1386f30de6a6ed0
set-symbols/RNA-mythic.png,https://r2.videreproject.com/set-symbols/RNA-mythic.png,2026-08-11T06:17:25.475Z,image/png,2009,659af892b0bc26f5f1e16d1c00c04c2a80728cf5f24c7cca750ff71d28710b8a
set-symbols/RNA-rare.png,https://r2.videreproject.com/set-symbols/RNA-rare.png,2026-08-11T06:17:26.088Z,image/png,2115,6fbf45bc39d2ab37741f0310514d58214db0ecaea78a6d89eac2ce5b3a09e4f9
set-symbols/RNA-uncommon.png,https://r2.videreproject.com/set-symbols/RNA-uncommon.png,2026-08-11T06:17:26.640Z,image/png,2146,5cb9de1025046eacfa3b39c46fbb0bc5372200076a9bec96bacd25074e6e8c63
set-symbols/ROE-common.png,https://r2.videreproject.com/set-symbols/ROE-common.png,2026-08-11T06:17:27.186Z,image/png,899,7f465c6458044ed3d7c44116b88e81ddb2228b9ac9107c2b5bce61374516483d
set-symbols/ROE-mythic.png,https://r2.videreproject.com/set-symbols/ROE-mythic.png,2026-08-11T06:17:27.748Z,image/png,1229,2bb2652c5b56c1859568659b08108f06a72f43c7f0865ff132f3d0066dd6120c
set-symbols/ROE-rare.png,https://r2.videreproject.com/set-symbols/ROE-rare.png,2026-08-11T06:17:28.317Z,image/png,1140,e33ee50b01a985cb312769de17eb72812f003a1096103b5b889f3786b0553e8c
set-symbols/ROE-uncommon.png,https://r2.videreproject.com/set-symbols/ROE-uncommon.png,2026-08-11T06:17:28.861Z,image/png,1154,32c37a870e649568b23f9947f62895a147c28878933d7d97f9ff1886fb04bb75
set-symbols/RTR-common.png,https://r2.videreproject.com/set-symbols/RTR-common.png,2026-08-11T06:17:29.507Z,image/png,889,74bdb6f8cb93a0c39423e3c9e2036409991e248c775d160a288863606573cc7d
set-symbols/RTR-mythic.png,https://r2.videreproject.com/set-symbols/RTR-mythic.png,2026-08-11T06:17:30.106Z,image/png,1429,47f4801ed686b3a26fedad6af7bdbcb8f346da4d6eba3a17394d3b9fcec022ba
set-symbols/RTR-rare.png,https://r2.videreproject.com/set-symbols/RTR-rare.png,2026-08-11T06:17:30.896Z,image/png,1178,f65e77c95430a0d092cc7ed3b3169ff4586e6dfddd03d4ce71a297396fdafb88
set-symbols/RTR-uncommon.png,https://r2.videreproject.com/set-symbols/RTR-uncommon.png,2026-08-11T06:17:31.521Z,image/png,1176,6beeb693a2f212359a7106b1526b005f3d118477e21cdcb8ea9d9be6d33241bb
set-symbols/RVR-common.png,https://r2.videreproject.com/set-symbols/RVR-common.png,2026-08-11T06:17:32.129Z,image/png,917,8d1743cfa6f5d0a5df61f9ad7cae5fa82caae254b1a188a838316de444c5112f
set-symbols/RVR-mythic.png,https://r2.videreproject.com/set-symbols/RVR-mythic.png,2026-08-11T06:17:32.763Z,image/png,1318,5f1d0892be9fd611124f71c55989771c022caa2898a304df1e39057fe6f764f7
set-symbols/RVR-rare.png,https://r2.videreproject.com/set-symbols/RVR-rare.png,2026-08-11T06:17:33.452Z,image/png,1380,ee51f94ab3a19ad506f6178482208b41171501724300220744788e08b09992c1
set-symbols/RVR-uncommon.png,https://r2.videreproject.com/set-symbols/RVR-uncommon.png,2026-08-11T06:17:33.995Z,image/png,1407,c997f5a6df6eaf9deb3c96f9e6d1a17b3e1142bf793d385b5d943aa56ca38d60
set-symbols/S00-common.png,https://r2.videreproject.com/set-symbols/S00-common.png,2026-08-11T06:17:34.660Z,image/png,1077,c0ab55e599867ae676c634c99fbf4fe4172daa7f64707a54f9c97cd2eda5eba1
set-symbols/S00-rare.png,https://r2.videreproject.com/set-symbols/S00-rare.png,2026-08-11T06:17:35.454Z,image/png,1086,936b9a6d17a6e9c730703feef8ffb856346090237ff14ef07670cd6055a017ed
set-symbols/S00-uncommon.png,https://r2.videreproject.com/set-symbols/S00-uncommon.png,2026-08-11T06:17:36.067Z,image/png,1101,318f1c0a2ae5db149a1965794610a36ce456de05b2a5ee0fafd5f303f19da565
set-symbols/S99-common.png,https://r2.videreproject.com/set-symbols/S99-common.png,2026-08-11T06:17:36.663Z,image/png,640,d3ebcd3bef8217dc85f8386b41af9396f5adb7a6dc218dc8d3182592ad2ba992
set-symbols/S99-rare.png,https://r2.videreproject.com/set-symbols/S99-rare.png,2026-08-11T06:17:37.419Z,image/png,973,a1270df3da34d0a7156a122ee8e24ced3d396dcf6b526579d41454e06cffa21c
set-symbols/S99-uncommon.png,https://r2.videreproject.com/set-symbols/S99-uncommon.png,2026-08-11T06:17:38.166Z,image/png,978,3fc636630f7b73e3ca42154a7e5f573a355d235cee280ea2ef0375eb31e99da5
set-symbols/SCD-common.png,https://r2.videreproject.com/set-symbols/SCD-common.png,2026-08-11T06:17:39.001Z,image/png,1238,006dfe4165eeaaf102deeacf691e579a68535558a2b71bc88251edfe12c411a8
set-symbols/SCD-mythic.png,https://r2.videreproject.com/set-symbols/SCD-mythic.png,2026-08-11T06:17:39.729Z,image/png,1570,317d4afd730bc97fc9a4bf840457bd8f4a68ff0c83e45751a1c9b97de2ba0d30
set-symbols/SCD-rare.png,https://r2.videreproject.com/set-symbols/SCD-rare.png,2026-08-11T06:17:40.387Z,image/png,1615,55b54b44148879cba2d6f328e0872ed20848b400d93b49de4275a17e3289a894
set-symbols/SCD-uncommon.png,https://r2.videreproject.com/set-symbols/SCD-uncommon.png,2026-08-11T06:17:41.003Z,image/png,1636,c98a3ab58a72c032cfe06392da37aeed5dba824727bf74fef0ee0a88f34573c1
set-symbols/SCG-common.png,https://r2.videreproject.com/set-symbols/SCG-common.png,2026-08-11T06:17:41.568Z,image/png,1484,81ea89dea0ff730d24b4cb682ae9d00e18cb998f24863816687c3041d121d4be
set-symbols/SCG-rare.png,https://r2.videreproject.com/set-symbols/SCG-rare.png,2026-08-11T06:17:42.228Z,image/png,1705,076fc406b667fd62cf4fc7aff9aeb0302bbdf6328c17ee2bea39012f7d62c3b4
set-symbols/SCG-uncommon.png,https://r2.videreproject.com/set-symbols/SCG-uncommon.png,2026-08-11T06:17:42.792Z,image/png,1699,afe9eb7abb10efd6db35e6e5ce633d818f7484d9c45dadeb466913d432f687a7
set-symbols/SHM-common.png,https://r2.videreproject.com/set-symbols/SHM-common.png,2026-08-11T06:17:43.388Z,image/png,1346,095a003b8f1599fee9ad7fb6acfa4f5f891d273420d3581c8043dee6263d1927
set-symbols/SHM-rare.png,https://r2.videreproject.com/set-symbols/SHM-rare.png,2026-08-11T06:17:43.917Z,image/png,1763,54d6580b721ece85a83e2f3bb5147ce74008905d7f749220b24bdeb29a77ed71
set-symbols/SHM-uncommon.png,https://r2.videreproject.com/set-symbols/SHM-uncommon.png,2026-08-11T06:17:44.519Z,image/png,1762,7b1432dc1885e37149f839c9fcafb30e34c75e5386b663eae56ef51afc9fed85
set-symbols/SNC-common.png,https://r2.videreproject.com/set-symbols/SNC-common.png,2026-08-11T06:17:45.114Z,image/png,1832,96c332419f7f66e1b22aa2fa05ef4bd65dde7a0ad12e65a5f71d46071cdec278
set-symbols/SNC-mythic.png,https://r2.videreproject.com/set-symbols/SNC-mythic.png,2026-08-11T06:17:45.729Z,image/png,2398,092fe83c5cf3ea9050daece5822fecb25710b1db05678ddcda5cb03f2d1a1a1a
set-symbols/SNC-rare.png,https://r2.videreproject.com/set-symbols/SNC-rare.png,2026-08-11T06:17:46.708Z,image/png,2511,4f093602a08c08541da1472b16777a7eac5d0c6179a88ec71e77f5f3b0df0e57
set-symbols/SNC-uncommon.png,https://r2.videreproject.com/set-symbols/SNC-uncommon.png,2026-08-11T06:17:47.342Z,image/png,2556,22f9e50ee44bb0ae51cecfcad0291d4c52e4653ecd37c2c47e223bc2aa4bfb11
set-symbols/SOA-common.png,https://r2.videreproject.com/set-symbols/SOA-common.png,2026-08-11T06:17:47.932Z,image/png,1231,c218b10f568db0cf2127f5a7be52f01ed0db32e9d187d78d461812a5f9b31506
set-symbols/SOA-mythic.png,https://r2.videreproject.com/set-symbols/SOA-mythic.png,2026-08-11T06:17:48.939Z,image/png,1360,d76c83119a7ef5a436d0b7cc2df7c152556a9d059a23d03f63a361888adfb7ef
set-symbols/SOA-rare.png,https://r2.videreproject.com/set-symbols/SOA-rare.png,2026-08-11T06:17:49.527Z,image/png,1444,6c84cf5043b5850534a76f139ccd85c215ea0b90eb4ce73710bb89b08f2a94d4
set-symbols/SOA-uncommon.png,https://r2.videreproject.com/set-symbols/SOA-uncommon.png,2026-08-11T06:17:50.099Z,image/png,1483,dcadca0403f3978c7cbbb1c447e5eb5c7c77398744b265de94cb741a213735d4
set-symbols/SOC-common.png,https://r2.videreproject.com/set-symbols/SOC-common.png,2026-08-11T06:17:50.674Z,image/png,1162,6a877e3b1c29a268d68bf773cc71b231941940b257f20f6d88a0c5aecfddd72a
set-symbols/SOC-mythic.png,https://r2.videreproject.com/set-symbols/SOC-mythic.png,2026-08-11T06:17:51.287Z,image/png,1616,7640904db5077453693eb4fac6421521e980169eca4b1c04ce9e994beb783843
set-symbols/SOC-rare.png,https://r2.videreproject.com/set-symbols/SOC-rare.png,2026-08-11T06:17:51.834Z,image/png,1658,657262fc033c1bac4716291e1eaec85b99b9e5b434cad0fd7a59ef54fd2a8a0e
set-symbols/SOC-uncommon.png,https://r2.videreproject.com/set-symbols/SOC-uncommon.png,2026-08-11T06:17:52.400Z,image/png,1676,6f024300b7d705d4dfe4ed53c1d4a0760e3ade3d442316f5e90adc402b3996fe
set-symbols/SOI-common.png,https://r2.videreproject.com/set-symbols/SOI-common.png,2026-08-11T06:17:53.277Z,image/png,2083,3dc8ca5f0f12edae5aa645b7ee9dffbd62884aa8b1fd3a1767f9958d050ab139
set-symbols/SOI-mythic.png,https://r2.videreproject.com/set-symbols/SOI-mythic.png,2026-08-11T06:17:53.890Z,image/png,2432,af3312be7500fc6485fc28e8a1f06f6d9681c5bb5e5c71d4be62fa6a730126fa
set-symbols/SOI-rare.png,https://r2.videreproject.com/set-symbols/SOI-rare.png,2026-08-11T06:17:55.111Z,image/png,2491,4773923c3040b03f4e6419fc8dd1ac268a497dfdb84b0d4da9bfa137b2c00e8a
set-symbols/SOI-uncommon.png,https://r2.videreproject.com/set-symbols/SOI-uncommon.png,2026-08-11T06:17:55.803Z,image/png,2508,c169defa5fd2e49fee405e01e32bd2f364b4428c44928905b0fbd563394d3d8c
set-symbols/SOK-common.png,https://r2.videreproject.com/set-symbols/SOK-common.png,2026-08-11T06:17:57.019Z,image/png,976,0d9831206642cdf12231b436f2987b392c1da8e714e8f43e1bdcd4cb696e4de3
set-symbols/SOK-rare.png,https://r2.videreproject.com/set-symbols/SOK-rare.png,2026-08-11T06:17:57.596Z,image/png,1141,2873b167eee385b09ac6c6ea4ca2751881ed874450245cd35173e87785ea4a56
set-symbols/SOK-uncommon.png,https://r2.videreproject.com/set-symbols/SOK-uncommon.png,2026-08-11T06:17:58.188Z,image/png,1199,3b6648c6cb836ad108c53702bc241726e3e82f3613b49b1bacee9fcbefc84482
set-symbols/SOM-common.png,https://r2.videreproject.com/set-symbols/SOM-common.png,2026-08-11T06:17:58.959Z,image/png,1082,9ec5f93d1166f3d8e0f6b606c1bb3eb508d3fbf4c667553cfd0dee7382a251e1
set-symbols/SOM-mythic.png,https://r2.videreproject.com/set-symbols/SOM-mythic.png,2026-08-11T06:17:59.547Z,image/png,1597,d3cdb26be0b499d59e0be66204c793b9a68e0cd2c33c4dc8b2659c82400e7af0
set-symbols/SOM-rare.png,https://r2.videreproject.com/set-symbols/SOM-rare.png,2026-08-11T06:18:00.161Z,image/png,1532,ffc0707f143a40289487bcfffaf397dbeb6a3d372da01933ab1879af9a9bcd1f
set-symbols/SOM-uncommon.png,https://r2.videreproject.com/set-symbols/SOM-uncommon.png,2026-08-11T06:18:00.759Z,image/png,1541,740d29a28f2ba641f9c15550d4b1dbc66c0b32526be497c59dac325bf6c6461b
set-symbols/SOS-common.png,https://r2.videreproject.com/set-symbols/SOS-common.png,2026-08-11T06:18:01.379Z,image/png,1356,039888aed48dae0ca1813f96f221fa3088ed5bf153e6e679b5a329b6e242ec96
set-symbols/SOS-mythic.png,https://r2.videreproject.com/set-symbols/SOS-mythic.png,2026-08-11T06:18:02.034Z,image/png,1706,9a1708e3ad4934a06ba479b4df8a46b13e54ab6b868d436d8deb6602249b7f3a
set-symbols/SOS-rare.png,https://r2.videreproject.com/set-symbols/SOS-rare.png,2026-08-11T06:18:02.592Z,image/png,1811,5b366a183e9a5437abdcade965a900f9e9a6034d61cd8f2780ba640ea2ae41bb
set-symbols/SOS-uncommon.png,https://r2.videreproject.com/set-symbols/SOS-uncommon.png,2026-08-11T06:18:03.158Z,image/png,1861,2ac19e99c1b5ee3449feb9f03407aa48ae3334d9674751101ad3d52fa05d76f2
set-symbols/SPE-common.png,https://r2.videreproject.com/set-symbols/SPE-common.png,2026-08-11T06:18:03.790Z,image/png,2195,23a1fe4fd52891f44659d379e0ad6791425f57289ce41c0b0fd5c07c69adbbbb
set-symbols/SPE-mythic.png,https://r2.videreproject.com/set-symbols/SPE-mythic.png,2026-08-11T06:18:04.978Z,image/png,2533,733c57458895211a21cb7600141e0da514a70b1071449f5273854e39f75105a0
set-symbols/SPE-rare.png,https://r2.videreproject.com/set-symbols/SPE-rare.png,2026-08-11T06:18:05.564Z,image/png,2578,2ec500f0a160fc77a33185e337431227ce470f6e225ac6ae71bd5801eef2f163
set-symbols/SPE-uncommon.png,https://r2.videreproject.com/set-symbols/SPE-uncommon.png,2026-08-11T06:18:06.146Z,image/png,2596,6e8188f230cc503db399aff2efb3c4993f5fcdd195570471587d67f2d97406c6
set-symbols/SPG-common.png,https://r2.videreproject.com/set-symbols/SPG-common.png,2026-08-11T06:18:07.145Z,image/png,1156,6b67930b31cbb2eb1eeffa3d5f3216514874d1afb9a59a1ef65fce5b112df625
set-symbols/SPG-mythic.png,https://r2.videreproject.com/set-symbols/SPG-mythic.png,2026-08-11T06:18:07.834Z,image/png,1686,f9743132a8f5ac5bad4d9c0d3031935bea3739b8002b7c7355fef5ba7713bc1a
set-symbols/SPG-rare.png,https://r2.videreproject.com/set-symbols/SPG-rare.png,2026-08-11T06:18:08.404Z,image/png,1724,7d7c0120160904c17c50fefdebd84e510e080c6527a00b0ccc43fc5b00ea1ead
set-symbols/SPG-uncommon.png,https://r2.videreproject.com/set-symbols/SPG-uncommon.png,2026-08-11T06:18:08.999Z,image/png,1742,32e5d1cdbc5513185dbe46f955056fca099f2ccefe6800467f6114de78009021
set-symbols/SPM-common.png,https://r2.videreproject.com/set-symbols/SPM-common.png,2026-08-11T06:18:09.651Z,image/png,2335,00395d3e7af55b15fd988e02f969a2ec220b0e15e631bf0387a1feb86c08a84c
set-symbols/SPM-mythic.png,https://r2.videreproject.com/set-symbols/SPM-mythic.png,2026-08-11T06:18:10.321Z,image/png,2718,5605e78de8335b8d1ab3deb8176c19d9c13ff1694cf5f67281dbf408831ab0e6
set-symbols/SPM-rare.png,https://r2.videreproject.com/set-symbols/SPM-rare.png,2026-08-11T06:18:11.056Z,image/png,2781,6e42b7ab110e2d997ad89d01c559dc236cedf7b9c34f143820d45ef0ae8e76c5
set-symbols/SPM-uncommon.png,https://r2.videreproject.com/set-symbols/SPM-uncommon.png,2026-08-11T06:18:11.700Z,image/png,2792,15fc99e9ec933284d858b0f1edae4b8d307a2579946bcce87bb86eff4708bb14
set-symbols/SS2-mythic.png,https://r2.videreproject.com/set-symbols/SS2-mythic.png,2026-08-11T06:18:12.353Z,image/png,1521,3e007a8df165b193a1ca1cbeb4764d64f19bd335647fac101e1e01bcdd5b3111
set-symbols/SS2-rare.png,https://r2.videreproject.com/set-symbols/SS2-rare.png,2026-08-11T06:18:12.899Z,image/png,1480,1ae9bb65c84933dbe3ca3f1d93249d5c8be77d6f86b942578216e18337186fb6
set-symbols/ST-common.png,https://r2.videreproject.com/set-symbols/ST-common.png,2026-08-11T06:18:13.600Z,image/png,1362,8059752dee0583b217cffd1e0b09826f21ff4ad4c38af70b4c40df1ad7b9b4a5
set-symbols/ST-rare.png,https://r2.videreproject.com/set-symbols/ST-rare.png,2026-08-11T06:18:14.164Z,image/png,1697,4bd08e06d40ba8dab2533faa1cdaa5fb35051f431942ce1296e12ed5a79a620e
set-symbols/ST-uncommon.png,https://r2.videreproject.com/set-symbols/ST-uncommon.png,2026-08-11T06:18:14.717Z,image/png,1703,821407bf54573cceb1a6bb76dc503878e1a87e442ddcc1d9103c4f27b578eea3
set-symbols/STA-common.png,https://r2.videreproject.com/set-symbols/STA-common.png,2026-08-11T06:18:15.409Z,image/png,1196,9fc73bb6501916c1425170b45de9b1e48307cbf3b035ce9333542fffb2da5231
set-symbols/STA-mythic.png,https://r2.videreproject.com/set-symbols/STA-mythic.png,2026-08-11T06:18:16.061Z,image/png,1639,e8b614bfe42e40ccb03d85902ff6bce747cfad6251510f5040d219b04ea8ace7
set-symbols/STA-rare.png,https://r2.videreproject.com/set-symbols/STA-rare.png,2026-08-11T06:18:16.706Z,image/png,1723,a379a66eab656e6971cbd8d555019392ab95fe601532dc6e84fbdf3c2712fd91
set-symbols/STA-uncommon.png,https://r2.videreproject.com/set-symbols/STA-uncommon.png,2026-08-11T06:18:17.667Z,image/png,1697,e0b2a7137759c0a53e92d04c83e49522d93c84348911c236112c904bce52fff0
set-symbols/STAR-common.png,https://r2.videreproject.com/set-symbols/STAR-common.png,2026-08-11T06:18:18.212Z,image/png,1690,c4c065c506e10bbe1ca607dd754abe2f0b8463a7a9e214786c769ce4d6544f85
set-symbols/STAR-mythic.png,https://r2.videreproject.com/set-symbols/STAR-mythic.png,2026-08-11T06:18:18.758Z,image/png,2054,b181eb9e8ce94ae7e0cbe69d8ef6a2b9501276a76fd0a85101014dba6705030c
set-symbols/STAR-rare.png,https://r2.videreproject.com/set-symbols/STAR-rare.png,2026-08-11T06:18:19.422Z,image/png,2062,36d7e5ce6281565ca412c01d0d3bccabdd427894c40e3266f7903e7fbc12bc62
set-symbols/STAR-uncommon.png,https://r2.videreproject.com/set-symbols/STAR-uncommon.png,2026-08-11T06:18:20.021Z,image/png,2011,92a7d52ef18ad367648ab87db90eadcc0ea37f02694e9e7ada91bd43d41f8152
set-symbols/STX-common.png,https://r2.videreproject.com/set-symbols/STX-common.png,2026-08-11T06:18:20.591Z,image/png,1347,ecfb4951bc44f0a66d5a6ddb06d1fa34b35113df4ca73e654e58bc6ba1459619
set-symbols/STX-mythic.png,https://r2.videreproject.com/set-symbols/STX-mythic.png,2026-08-11T06:18:21.376Z,image/png,1773,f75d8fc49f56108d001c1be598c9f3df17e179f3eac703a1fbbb3d0a82654bb3
set-symbols/STX-rare.png,https://r2.videreproject.com/set-symbols/STX-rare.png,2026-08-11T06:18:21.987Z,image/png,1793,ce27214eda43dfb9815e1f7ebe073da059562284bf1ef973d8250815e1671a57
set-symbols/STX-uncommon.png,https://r2.videreproject.com/set-symbols/STX-uncommon.png,2026-08-11T06:18:22.571Z,image/png,1755,a5877972991ad38de48c35a9f906535dae9d0b28b2b25ec622c2e48ea17c46b1
set-symbols/TD0-common.png,https://r2.videreproject.com/set-symbols/TD0-common.png,2026-08-11T06:18:23.341Z,image/png,656,11048a05635f01b5eadb44616cd6979d82e9840ad8518860b1b5bdeebb165b54
set-symbols/TD0-mythic.png,https://r2.videreproject.com/set-symbols/TD0-mythic.png,2026-08-11T06:18:23.963Z,image/png,1236,557a6063a711b28a7a79a7098b6e8e830cf59088915acdf3fc93df1381703976
set-symbols/TD0-rare.png,https://r2.videreproject.com/set-symbols/TD0-rare.png,2026-08-11T06:18:24.543Z,image/png,1375,3ec3a6e3887923efec9a523c5d0da1c06ddc30a2c683c1340207a09e6b360b23
set-symbols/TD0-uncommon.png,https://r2.videreproject.com/set-symbols/TD0-uncommon.png,2026-08-11T06:18:25.161Z,image/png,1383,69e68d1633983ca07555fe3a04c44b26aab74ee83ed38744eda538e2b32aeb1c
set-symbols/TD2-common.png,https://r2.videreproject.com/set-symbols/TD2-common.png,2026-08-11T06:18:25.721Z,image/png,1265,e5303cd195c4a41f3f0b1109df54486790a4a38ed2d5810877f34e165e1ef2b8
set-symbols/TD2-mythic.png,https://r2.videreproject.com/set-symbols/TD2-mythic.png,2026-08-11T06:18:26.396Z,image/png,1495,cbf01c3e756320600e78736449f1578bcafca66b61c2dd18bf76d6031291e050
set-symbols/TD2-rare.png,https://r2.videreproject.com/set-symbols/TD2-rare.png,2026-08-11T06:18:27.023Z,image/png,1634,638bfae242614e486a1c435dbfc08e55dc8806ffb15392202fe4208c08086065
set-symbols/TD2-uncommon.png,https://r2.videreproject.com/set-symbols/TD2-uncommon.png,2026-08-11T06:18:27.605Z,image/png,1648,f5f389705b5db741bc56b68085ae3936e956819507dc56e6c0551a6799c2072b
set-symbols/TDC-common.png,https://r2.videreproject.com/set-symbols/TDC-common.png,2026-08-11T06:18:28.189Z,image/png,2480,54af2b18efb68fd56a461b160d9216403506b2fc34aa7cf87bcf9a61e4892930
set-symbols/TDC-mythic.png,https://r2.videreproject.com/set-symbols/TDC-mythic.png,2026-08-11T06:18:28.773Z,image/png,3023,4974aefe39f396c514f5b28f7009eb3ee09ad4fcaf6fab4ae91d8929f3afbb69
set-symbols/TDC-rare.png,https://r2.videreproject.com/set-symbols/TDC-rare.png,2026-08-11T06:18:29.380Z,image/png,3071,ebdf40a64546405ec89883e37f2eb7e165494f383a96a29713e35d7b41cc3cbd
set-symbols/TDC-uncommon.png,https://r2.videreproject.com/set-symbols/TDC-uncommon.png,2026-08-11T06:18:29.946Z,image/png,3072,e40c4763bead8a0e8b971548568943c58ff17fdd8f1c9676d790f434f7c2154a
set-symbols/TDM-common.png,https://r2.videreproject.com/set-symbols/TDM-common.png,2026-08-11T06:18:30.535Z,image/png,2265,df271ae6af14a4674e80868bcf28eb1eb3a4df0cd480aa65cc101e1eff4e700c
set-symbols/TDM-mythic.png,https://r2.videreproject.com/set-symbols/TDM-mythic.png,2026-08-11T06:18:31.193Z,image/png,2716,8c5c72b938c96673a18acd95c98d3086996700e537ba06db418af17b90e88829
set-symbols/TDM-rare.png,https://r2.videreproject.com/set-symbols/TDM-rare.png,2026-08-11T06:18:31.795Z,image/png,2756,41160fa290c84b21dd76cf4229271072efbc871473d988934e3fb849f2e72900
set-symbols/TDM-uncommon.png,https://r2.videreproject.com/set-symbols/TDM-uncommon.png,2026-08-11T06:18:32.497Z,image/png,2801,67e993ab2f0c06652cdd7790240ac6d7c3b4eab8470e06826f1af7b0a0d4c18c
set-symbols/TE-common.png,https://r2.videreproject.com/set-symbols/TE-common.png,2026-08-11T06:18:33.059Z,image/png,1258,4a32b25ef3b6bf7cc3efd51127c6f8a3b5ea05b39ab4cceca1af8dcd563f1ceb
set-symbols/TE-rare.png,https://r2.videreproject.com/set-symbols/TE-rare.png,2026-08-11T06:18:33.636Z,image/png,1516,c62e1461ae08740f685cfd94cd1ee9a676adf8a15163a9fcd73092f20272f0cb
set-symbols/TE-uncommon.png,https://r2.videreproject.com/set-symbols/TE-uncommon.png,2026-08-11T06:18:34.231Z,image/png,1519,b9fa5f54d3123148fa3e377a0732be9fa369a391315e5abcb4cc8bcce2c92334
set-symbols/THB-common.png,https://r2.videreproject.com/set-symbols/THB-common.png,2026-08-11T06:18:34.904Z,image/png,879,000c3c29b871d845dd9aa8191e15f7d756e7458b1c0b93cd3b3b00e31405dd4d
set-symbols/THB-mythic.png,https://r2.videreproject.com/set-symbols/THB-mythic.png,2026-08-11T06:18:35.462Z,image/png,1057,d2a2fa6efb0fd559d8ff657dbfa7a8f2471ca114168c3cede914eeb693d88a7a
set-symbols/THB-rare.png,https://r2.videreproject.com/set-symbols/THB-rare.png,2026-08-11T06:18:36.021Z,image/png,1105,e627ad1340025f77f7ed84754fa89d0b7724993393258c643df49e69e114c7cd
set-symbols/THB-uncommon.png,https://r2.videreproject.com/set-symbols/THB-uncommon.png,2026-08-11T06:18:36.576Z,image/png,1113,34e42eada262206be76dd3c7fc00c4a1704d7e3dc934cba012a7663da4928f95
set-symbols/THS-common.png,https://r2.videreproject.com/set-symbols/THS-common.png,2026-08-11T06:18:37.278Z,image/png,1069,b3f876d968cd326012ebeaa2fc093d302c8b07e3fe2f57dbf8e39027795a6e58
set-symbols/THS-mythic.png,https://r2.videreproject.com/set-symbols/THS-mythic.png,2026-08-11T06:18:37.837Z,image/png,1636,7d246efee473eca439fe07383c183353d17f9961fc2a5b52881c981945c9d20a
set-symbols/THS-rare.png,https://r2.videreproject.com/set-symbols/THS-rare.png,2026-08-11T06:18:38.502Z,image/png,1635,94d917ba61e64c690586dd2e16560b133bfc1864e45986e0a9def994eb7fe608
set-symbols/THS-uncommon.png,https://r2.videreproject.com/set-symbols/THS-uncommon.png,2026-08-11T06:18:39.068Z,image/png,1586,5fe89c5492b6fd1b114f91db5ce15062fdeed99ed49c60ec6e9af974e84770eb
set-symbols/TLA-common.png,https://r2.videreproject.com/set-symbols/TLA-common.png,2026-08-11T06:18:39.666Z,image/png,1970,930e62dc87f6fa791fa17dee1b46ca7b709249462a7fe4e6cf7d3298a43fcb50
set-symbols/TLA-mythic.png,https://r2.videreproject.com/set-symbols/TLA-mythic.png,2026-08-11T06:18:40.237Z,image/png,2468,6415eb2ab427c332efaf0c1569204e33609df7ab825061e9b329d04caf96ca77
set-symbols/TLA-rare.png,https://r2.videreproject.com/set-symbols/TLA-rare.png,2026-08-11T06:18:40.810Z,image/png,2513,acf6f1d0b3c22a519387af46a634b09706bafced9dbcdddd0c38cb4c48258858
set-symbols/TLA-uncommon.png,https://r2.videreproject.com/set-symbols/TLA-uncommon.png,2026-08-11T06:18:41.363Z,image/png,2545,62790978f57c5b9fc98980dc5a97a42af9f271e49d14e02f7f9a4a277c162395
set-symbols/TLE-common.png,https://r2.videreproject.com/set-symbols/TLE-common.png,2026-08-11T06:18:41.965Z,image/png,2214,cf690d4ce7d7b3d6d8a5b5264b8df6a070c33e53cfb18c304cd9a77346e55f1c
set-symbols/TLE-mythic.png,https://r2.videreproject.com/set-symbols/TLE-mythic.png,2026-08-11T06:18:42.548Z,image/png,2357,75373492af3232d94676a27c467b002328b08ed4a0985b341823cf3449c7c7f7
set-symbols/TLE-rare.png,https://r2.videreproject.com/set-symbols/TLE-rare.png,2026-08-11T06:18:43.162Z,image/png,2401,1b6a2d9ccdc24a082fb0230200ba4721ed25a0b1ea46b9ded9cadcc82e2ddd3a
set-symbols/TLE-uncommon.png,https://r2.videreproject.com/set-symbols/TLE-uncommon.png,2026-08-11T06:18:43.721Z,image/png,2437,21598b515b06589711d373d543927612bcfcd42c2078883e4019faf220dcda46
set-symbols/TMC-common.png,https://r2.videreproject.com/set-symbols/TMC-common.png,2026-08-11T06:18:44.320Z,image/png,2098,a404e7501a34f5365588b129f39337d3a1979ab6613e78cfd3d6441c01f642bc
set-symbols/TMC-mythic.png,https://r2.videreproject.com/set-symbols/TMC-mythic.png,2026-08-11T06:18:44.868Z,image/png,2414,48ca155819dd2c4a7d051ac2d1b977ec778e6486360f61c4e6418e475cb03e76
set-symbols/TMC-rare.png,https://r2.videreproject.com/set-symbols/TMC-rare.png,2026-08-11T06:18:45.454Z,image/png,2427,8c38e502cd2e44b5bd1ad183e6c6315743706671c04672c2017d2427ad3fb224
set-symbols/TMC-uncommon.png,https://r2.videreproject.com/set-symbols/TMC-uncommon.png,2026-08-11T06:18:46.053Z,image/png,2472,4fefa8521aea81ce952eea19c256d45bf9ac7a69bc8d076bb6bb49dc9d4c3e66
set-symbols/TMT-common.png,https://r2.videreproject.com/set-symbols/TMT-common.png,2026-08-11T06:18:46.795Z,image/png,2216,aead4482fd5a415e23c4f0b9a3673c8868c9e32af93cd11c6e17b70c32895317
set-symbols/TMT-mythic.png,https://r2.videreproject.com/set-symbols/TMT-mythic.png,2026-08-11T06:18:47.377Z,image/png,2938,a9257a25376943353bdbdb4c42322c7c746e6adbc67bd41c76abbeda32ee7e46
set-symbols/TMT-rare.png,https://r2.videreproject.com/set-symbols/TMT-rare.png,2026-08-11T06:18:48.032Z,image/png,2839,00150c94a51defe3f24dd88ac3fbe82f5afd115b44eaeca19dff6b493a008a44
set-symbols/TMT-uncommon.png,https://r2.videreproject.com/set-symbols/TMT-uncommon.png,2026-08-11T06:18:48.583Z,image/png,2897,85251f4daf0a35fa343b632b40cf742ce7384c49b3ff959073ff0f44a5f0105b
set-symbols/TOR-common.png,https://r2.videreproject.com/set-symbols/TOR-common.png,2026-08-11T06:18:49.158Z,image/png,1612,9c0afe14f8575ba321a5257f713b13a4a1948a4b71cf061188f4e4e6e35e93d6
set-symbols/TOR-rare.png,https://r2.videreproject.com/set-symbols/TOR-rare.png,2026-08-11T06:18:49.826Z,image/png,1895,f9fc07ecd4224282979b3be76e00979ecdcec48838cad45768d24170cc54606e
set-symbols/TOR-uncommon.png,https://r2.videreproject.com/set-symbols/TOR-uncommon.png,2026-08-11T06:18:50.400Z,image/png,1871,c168e6066a9f5d7cd33433b1b711e4c6dfda305c5e4ce07840eb5f87c2f10b47
set-symbols/TPR-common.png,https://r2.videreproject.com/set-symbols/TPR-common.png,2026-08-11T06:18:50.987Z,image/png,16041,8b5acf3cc94a57aaedb311897a0816dfd9c63a836501fb1cff54681b4723afe4
set-symbols/TPR-mythic.png,https://r2.videreproject.com/set-symbols/TPR-mythic.png,2026-08-11T06:18:51.625Z,image/png,2596,a9f234ac9fe3add452a83ebd0dea8511826e9c945a180a998302ec87e9fb9241
set-symbols/TPR-rare.png,https://r2.videreproject.com/set-symbols/TPR-rare.png,2026-08-11T06:18:52.283Z,image/png,2722,fd272904e3e420ef5be84b9ca458be2de3fd3cd703277b5196523f153c3abcf2
set-symbols/TPR-uncommon.png,https://r2.videreproject.com/set-symbols/TPR-uncommon.png,2026-08-11T06:18:52.840Z,image/png,2798,c3d03bfd3cb5244590e5ba0374ac161526b19e056e281e56308a453388ea324b
set-symbols/TSB-bonus.png,https://r2.videreproject.com/set-symbols/TSB-bonus.png,2026-08-11T06:18:53.400Z,image/png,1442,0be2b0cb46353e6d5b1c6463f556c065f5e6363f15f21e46fd4b5a46f5a0dd0c
set-symbols/TSP-common.png,https://r2.videreproject.com/set-symbols/TSP-common.png,2026-08-11T06:18:54.033Z,image/png,1076,85f5e1d116b790ee979f21c64f2e78dee63525fdfbf566b10827cf8ad04affe7
set-symbols/TSP-rare.png,https://r2.videreproject.com/set-symbols/TSP-rare.png,2026-08-11T06:18:54.597Z,image/png,1345,0603c1aef402b86b67a0d6ba35383c592431fc8280d1064623e0f9595938367a
set-symbols/TSP-uncommon.png,https://r2.videreproject.com/set-symbols/TSP-uncommon.png,2026-08-11T06:18:55.318Z,image/png,1405,96f195135833b0bbb5c156d8a0384251b87c31c8d556a765f46d943bb5821294
set-symbols/TSR-common.png,https://r2.videreproject.com/set-symbols/TSR-common.png,2026-08-11T06:18:55.851Z,image/png,1242,e1f971423407f09d8b277eabb63534c7dc40f2a82e5c23ef66085643ba43d034
set-symbols/TSR-mythic.png,https://r2.videreproject.com/set-symbols/TSR-mythic.png,2026-08-11T06:18:56.528Z,image/png,1413,f8a472ea34654c90b288db73edf99d0e15c0932220a4f1274a26bc36bf6f4b52
set-symbols/TSR-rare.png,https://r2.videreproject.com/set-symbols/TSR-rare.png,2026-08-11T06:18:57.120Z,image/png,1475,3e8dca1b59993636d53fbb2819f4da960e2eced047ca8a81fbf2884750b8109e
set-symbols/TSR-timeshifted.png,https://r2.videreproject.com/set-symbols/TSR-timeshifted.png,2026-08-11T06:18:57.681Z,image/png,1404,f1d73febf612db60d1f75ee292501d1a9afd1ff76e95d35daad7ead40a89d814
set-symbols/TSR-uncommon.png,https://r2.videreproject.com/set-symbols/TSR-uncommon.png,2026-08-11T06:18:58.260Z,image/png,1518,9eb19143c15ae19c2b1bcc8881b312d752a99b51687beeb2e140d0c15241d916
set-symbols/UD-common.png,https://r2.videreproject.com/set-symbols/UD-common.png,2026-08-11T06:18:58.811Z,image/png,1092,9a50eceffec40624023dea5c2bd7865d248f51544c26f41ef2431abea694f417
set-symbols/UD-rare.png,https://r2.videreproject.com/set-symbols/UD-rare.png,2026-08-11T06:18:59.409Z,image/png,1328,6452b21be849c1fd755ca83c575799da7a8e4c118bf012c803f1982888e24315
set-symbols/UD-uncommon.png,https://r2.videreproject.com/set-symbols/UD-uncommon.png,2026-08-11T06:19:00.089Z,image/png,1352,a484f28f7b4d5032781fff2b9dcb50745ee761b077b83c3f1d819980ef273daf
set-symbols/UGL-common.png,https://r2.videreproject.com/set-symbols/UGL-common.png,2026-08-11T06:19:00.669Z,image/png,1785,9f9c56092e5c8761d65596af1836df435ed18e1afbef175aa6f5ce2de30a4189
set-symbols/UGL-rare.png,https://r2.videreproject.com/set-symbols/UGL-rare.png,2026-08-11T06:19:01.239Z,image/png,2049,6e289868a28deb8af228e133fe99c388fec1a5ac389d841028d9555192a1dd47
set-symbols/UGL-uncommon.png,https://r2.videreproject.com/set-symbols/UGL-uncommon.png,2026-08-11T06:19:01.861Z,image/png,2088,47ae6c37d0eb5329cff7ce3aadd4f0910e80e013173c30aa7c6913a5a80e2095
set-symbols/UL-common.png,https://r2.videreproject.com/set-symbols/UL-common.png,2026-08-11T06:19:02.440Z,image/png,1833,94fee201b633c41cf8cea0a27badddd449ac68ad39443948272f7742a35cc44c
set-symbols/UL-rare.png,https://r2.videreproject.com/set-symbols/UL-rare.png,2026-08-11T06:19:03.177Z,image/png,2215,25dc3e9266fd88e6cb7bfbec8f5f88a1b62df2f1aed59a2f5d7af87085ec71c2
set-symbols/UL-uncommon.png,https://r2.videreproject.com/set-symbols/UL-uncommon.png,2026-08-11T06:19:03.757Z,image/png,2177,1c978b82a8e2c8018e5e3803dcb2781c24a5652c91e5d9a813728e80ebaebb08
set-symbols/UMA-common.png,https://r2.videreproject.com/set-symbols/UMA-common.png,2026-08-11T06:19:04.384Z,image/png,3107,3b08da785293c4f0d2fdccef3f06c6c60f8787424ad44a08409cd505069ab2e4
set-symbols/UMA-mythic.png,https://r2.videreproject.com/set-symbols/UMA-mythic.png,2026-08-11T06:19:04.992Z,image/png,2808,2bff6fa08107e2d1c1b6ff1e3e40d1b21bf6b8b64f32183db657e1127a63f203
set-symbols/UMA-rare.png,https://r2.videreproject.com/set-symbols/UMA-rare.png,2026-08-11T06:19:05.528Z,image/png,2996,4f412ca70af4a9ca15ab88138c275f0258af68c0eb38e4d7205a9a460c73ddf8
set-symbols/UMA-uncommon.png,https://r2.videreproject.com/set-symbols/UMA-uncommon.png,2026-08-11T06:19:06.134Z,image/png,3071,be28f250a9fc05edc286bf3920d9cfd195b550576fdda3186af0923f7b619377
set-symbols/UND-common.png,https://r2.videreproject.com/set-symbols/UND-common.png,2026-08-11T06:19:06.801Z,image/png,2651,47f0c51a6e9f5098f3c45ce73e92e29f175cbea56f402889e1eac8a89605cc83
set-symbols/UND-mythic.png,https://r2.videreproject.com/set-symbols/UND-mythic.png,2026-08-11T06:19:07.440Z,image/png,3220,cf4fabdedea4122bca93e70e76489464a3e2ce5c4875bca362c473298930f419
set-symbols/UND-rare.png,https://r2.videreproject.com/set-symbols/UND-rare.png,2026-08-11T06:19:08.090Z,image/png,3296,9e437025dcbb63d8d52577fa22389a85c8cc023fbe0055774aa9fb56b4cfee02
set-symbols/UND-uncommon.png,https://r2.videreproject.com/set-symbols/UND-uncommon.png,2026-08-11T06:19:08.681Z,image/png,3404,d7f62e019d5e51adf3a9ccf2ae7fd3dc06bc438c858c121705eab6c9c4b636cf
set-symbols/UNF-common.png,https://r2.videreproject.com/set-symbols/UNF-common.png,2026-08-11T06:19:09.274Z,image/png,1994,771359ec3b9fead97e4fa33039ab6b054362ac993b813c85213c33d6bf1a63cf
set-symbols/UNF-mythic.png,https://r2.videreproject.com/set-symbols/UNF-mythic.png,2026-08-11T06:19:09.893Z,image/png,2540,452d55b99836cfdd9e0e29f861f8a5388cef9b46280db8a3829e023ef1d0cb70
set-symbols/UNF-rare.png,https://r2.videreproject.com/set-symbols/UNF-rare.png,2026-08-11T06:19:10.507Z,image/png,2619,737b81c27e18321ca7aec3d52870387d33545ceef9a128e6085427ba960a2dc4
set-symbols/UNF-uncommon.png,https://r2.videreproject.com/set-symbols/UNF-uncommon.png,2026-08-11T06:19:11.091Z,image/png,2649,ecd4e43c9cb4b7d69f9567d758802f921b3c87b739f0d9def8064508cb1591a1
set-symbols/UNH-common.png,https://r2.videreproject.com/set-symbols/UNH-common.png,2026-08-11T06:19:11.641Z,image/png,1290,7f9910ea7265d5555a8ab7dee3e310f8a5726b1be568509b96578de953c3f394
set-symbols/UNH-rare.png,https://r2.videreproject.com/set-symbols/UNH-rare.png,2026-08-11T06:19:12.311Z,image/png,1259,6b98852d06c21f78b5a1aca0663585c6c7829d49743a52e8c0b6be627955b144
set-symbols/UNH-uncommon.png,https://r2.videreproject.com/set-symbols/UNH-uncommon.png,2026-08-11T06:19:12.934Z,image/png,1275,cf7c8fdfc3ebfdd48d606996b09cc792096fb003ed313946545d1e7368ba1cfb
set-symbols/UST-common.png,https://r2.videreproject.com/set-symbols/UST-common.png,2026-08-11T06:19:13.572Z,image/png,1386,b658eba6231c4f854e30cbd31ecb31252ed3438d81215b9647113d1f051403df
set-symbols/UST-mythic.png,https://r2.videreproject.com/set-symbols/UST-mythic.png,2026-08-11T06:19:14.133Z,image/png,1378,d46ad65077d46c09c370b0c43ad71179667ae6671ce70716678d500a88b33336
set-symbols/UST-rare.png,https://r2.videreproject.com/set-symbols/UST-rare.png,2026-08-11T06:19:14.740Z,image/png,1787,5b5a4bcc3cd90d42acf0ee6d47d046bb4d9dce31e1b892ed4bfb9986007cc307
set-symbols/UST-uncommon.png,https://r2.videreproject.com/set-symbols/UST-uncommon.png,2026-08-11T06:19:15.302Z,image/png,1468,6e41448c2e76311a7f3d9f9e55da58981f1a45fdcecd0acf367fdc7720d62eb3
set-symbols/UZ-common.png,https://r2.videreproject.com/set-symbols/UZ-common.png,2026-08-11T06:19:15.903Z,image/png,2352,ac795e07079019271dbe004975a4bd4118bc5aeed7ce22ea3c7e113eed47aa1a
set-symbols/UZ-rare.png,https://r2.videreproject.com/set-symbols/UZ-rare.png,2026-08-11T06:19:16.476Z,image/png,2786,26c05c14b7bc26b6dcb87c6aff8b0a229fe1c39a73f4ad450adf05e688aedb5e
set-symbols/UZ-uncommon.png,https://r2.videreproject.com/set-symbols/UZ-uncommon.png,2026-08-11T06:19:17.050Z,image/png,2819,ac72b423b2d6b4f14ea440f18e97e5e91ae818a94a93dcfec5a3cc4465fe1534
set-symbols/V09-mythic.png,https://r2.videreproject.com/set-symbols/V09-mythic.png,2026-08-11T06:19:17.613Z,image/png,1833,081edcd72d9bf5082a143b573ad5f4b126027ca8bcf8f40e6ea911737d282f75
set-symbols/V10-mythic.png,https://r2.videreproject.com/set-symbols/V10-mythic.png,2026-08-11T06:19:18.209Z,image/png,1376,b2b582688ca7db1914028ae7025d1ee7549dd6f3b78c75a978cb29f84c8dae60
set-symbols/V11-mythic.png,https://r2.videreproject.com/set-symbols/V11-mythic.png,2026-08-11T06:19:18.793Z,image/png,1723,d7efacd63219571755a1d0ddf30b46d95383e8b7cf17c41c463ab09ddaad361d
set-symbols/V12-mythic.png,https://r2.videreproject.com/set-symbols/V12-mythic.png,2026-08-11T06:19:19.506Z,image/png,1919,ba355d13406960742aa3c15a3f609ad14365ccdaa45ccef8ba713b8a4bcafc72
set-symbols/V13-mythic.png,https://r2.videreproject.com/set-symbols/V13-mythic.png,2026-08-11T06:19:20.085Z,image/png,1577,0821f2670afdc5d3490648087a2799d3d6d7c5287360f5e4365876a231c329ee
set-symbols/V14-mythic.png,https://r2.videreproject.com/set-symbols/V14-mythic.png,2026-08-11T06:19:20.661Z,image/png,2224,67f1ddb6cb8c4bc02dee50572527f4c3c7a196e467696d6103979e59a4ecdae9
set-symbols/V15-mythic.png,https://r2.videreproject.com/set-symbols/V15-mythic.png,2026-08-11T06:19:21.307Z,image/png,2544,a3d46cb63cc0b017e7a281f3bd5937a7e29ef0ebeef5ffb5aaddc48e0a041052
set-symbols/V16-mythic.png,https://r2.videreproject.com/set-symbols/V16-mythic.png,2026-08-11T06:19:21.899Z,image/png,18675,dc9a9f1dfc413a168d76b6b4e0cd8db93e40e2b2921d8996f6f4f62e97b0e911
set-symbols/V17-mythic.png,https://r2.videreproject.com/set-symbols/V17-mythic.png,2026-08-11T06:19:22.498Z,image/png,1382,6469bdc77f342530fc0d5a3d128bbffb82fa126c64b92c82af0334bdcae50fdb
set-symbols/VI-common.png,https://r2.videreproject.com/set-symbols/VI-common.png,2026-08-11T06:19:23.064Z,image/png,1330,8498f29398ebfa21e66df0c4089347855de08abb6b477d008d1b5de047a4c649
set-symbols/VI-rare.png,https://r2.videreproject.com/set-symbols/VI-rare.png,2026-08-11T06:19:23.651Z,image/png,1459,6ee66eab0ccda6aeb0c36db10cb618aa256e47e9cf657a0b040b98e3ed67cb94
set-symbols/VI-uncommon.png,https://r2.videreproject.com/set-symbols/VI-uncommon.png,2026-08-11T06:19:24.316Z,image/png,1462,283dde1da4b42ee6a8c43143afe10c8317981d7c7a4e8b44c9eafaca1e3c20b9
set-symbols/VMA-bonus.png,https://r2.videreproject.com/set-symbols/VMA-bonus.png,2026-08-11T06:19:24.893Z,image/png,3746,980f3314a2b290c0d82f71a72bdbba53691a1afaea1bfde339d4b71422271b6b
set-symbols/VMA-common.png,https://r2.videreproject.com/set-symbols/VMA-common.png,2026-08-11T06:19:25.467Z,image/png,15774,0543c5ca3f1879c1972fa49ae64631ecb337546d022d5712d0368721a00d17af
set-symbols/VMA-mythic.png,https://r2.videreproject.com/set-symbols/VMA-mythic.png,2026-08-11T06:19:26.078Z,image/png,2156,9e46925303d36b132abab59c2ee2cb63f85e06f7d45b7d4cb6ab985ad5aed3d1
set-symbols/VMA-rare.png,https://r2.videreproject.com/set-symbols/VMA-rare.png,2026-08-11T06:19:26.694Z,image/png,2248,7542d6b08818326d98ab735d41f1dd3a54536b75aea46136ed36091d293cbf77
set-symbols/VMA-uncommon.png,https://r2.videreproject.com/set-symbols/VMA-uncommon.png,2026-08-11T06:19:27.332Z,image/png,2246,a35a11de5553826d1f681e4b52586dbe21401ca49fe47914bdcc205a55f191dc
set-symbols/VOC-common.png,https://r2.videreproject.com/set-symbols/VOC-common.png,2026-08-11T06:19:27.895Z,image/png,896,c6ec65391c020289427fd90474a6e75f12991a672e096eaadacf7caacd27e488
set-symbols/VOC-mythic.png,https://r2.videreproject.com/set-symbols/VOC-mythic.png,2026-08-11T06:19:28.445Z,image/png,1203,6d4e5da8b644a7e0af8fcf804e8e70c3de8ad12036d387d7c819944d2790d7a9
set-symbols/VOC-rare.png,https://r2.videreproject.com/set-symbols/VOC-rare.png,2026-08-11T06:19:29.100Z,image/png,1260,c1046280441ac4779422dc25a3cb3ddcf152f73a2d86bc5411af4c3e3cf6efde
set-symbols/VOC-uncommon.png,https://r2.videreproject.com/set-symbols/VOC-uncommon.png,2026-08-11T06:19:29.646Z,image/png,1282,2678b4aaed2877defa4772248bcdcbb62deb718da6b8c55685feaaf97a23ccc4
set-symbols/VOW-common.png,https://r2.videreproject.com/set-symbols/VOW-common.png,2026-08-11T06:19:30.226Z,image/png,1247,ba3eaa941fa35bca858ec35d1ae89373a1e9fd00f0a81cf37b05d4ffc74fb2c7
set-symbols/VOW-mythic.png,https://r2.videreproject.com/set-symbols/VOW-mythic.png,2026-08-11T06:19:30.947Z,image/png,1692,f05573129eefe081a45d4de4bd0e77c8e41afa2d1053be9f57a32e074972ce8b
set-symbols/VOW-rare.png,https://r2.videreproject.com/set-symbols/VOW-rare.png,2026-08-11T06:19:31.655Z,image/png,1747,a872bff7ba2d047e03ba1a5c4b61e46c5476283077cf4e2af3b76ebbed01ab0d
set-symbols/VOW-uncommon.png,https://r2.videreproject.com/set-symbols/VOW-uncommon.png,2026-08-11T06:19:32.302Z,image/png,1806,29d93aff153a3b033a71302e073f08b5f8710ec5154f5f70258066b66a6bb2d0
set-symbols/W16-common.png,https://r2.videreproject.com/set-symbols/W16-common.png,2026-08-11T06:19:33.305Z,image/png,2563,f04eb125357fc1c829f6a0a0f524b131e5f86415ee21c135fe79431c5b19f6be
set-symbols/W16-rare.png,https://r2.videreproject.com/set-symbols/W16-rare.png,2026-08-11T06:19:33.866Z,image/png,3430,78f5ed93b7afd3682de211fa17bce7293d3bb7c81ac766da86bdb5106ee143cc
set-symbols/W16-uncommon.png,https://r2.videreproject.com/set-symbols/W16-uncommon.png,2026-08-11T06:19:34.542Z,image/png,3053,68751623cf66c7198a6f306d30be7d6ffd7e7faea510b00ac7e770c6889d3184
set-symbols/W17-common.png,https://r2.videreproject.com/set-symbols/W17-common.png,2026-08-11T06:19:35.154Z,image/png,21339,bc8fca3a59f2e792a4d1eadd4343f7c4d00fe79a9946ee6e1737da2855a6f6fb
set-symbols/W17-mythic.png,https://r2.videreproject.com/set-symbols/W17-mythic.png,2026-08-11T06:19:35.712Z,image/png,22248,7023bff541efc659c1f337a044f173e75d2c23cb8ed87a2f67dd15c6bafff8bd
set-symbols/W17-rare.png,https://r2.videreproject.com/set-symbols/W17-rare.png,2026-08-11T06:19:36.418Z,image/png,22510,a0a146dbac16d0ab606695c24b6e397bcc74282464c8a25795ecf94988f57109
set-symbols/W17-uncommon.png,https://r2.videreproject.com/set-symbols/W17-uncommon.png,2026-08-11T06:19:37.093Z,image/png,22495,d187e13dff15f8aa5ff2afc1a247230f5744c350bf1aac4684f6b72fa525ea49
set-symbols/WAR-common.png,https://r2.videreproject.com/set-symbols/WAR-common.png,2026-08-11T06:19:37.661Z,image/png,1375,62314d4629fdcdd403985237bc69ce41821dae2986cc2a333a82f610198e13c1
set-symbols/WAR-mythic.png,https://r2.videreproject.com/set-symbols/WAR-mythic.png,2026-08-11T06:19:38.309Z,image/png,1432,e3e21a2ed667dd54748b72efb47764b4534c981f29e6c6f393e4d439b53b7fe5
set-symbols/WAR-rare.png,https://r2.videreproject.com/set-symbols/WAR-rare.png,2026-08-11T06:19:38.882Z,image/png,1491,fd599cbca9a95bc881d085b3d0d58467e4ac9be960b374361204ecc1b1997f0f
set-symbols/WAR-uncommon.png,https://r2.videreproject.com/set-symbols/WAR-uncommon.png,2026-08-11T06:19:39.453Z,image/png,1488,d1cd74d298bcd348ea73794ce9228febcdddaf76e704cafc07aa1505ea0a1f92
set-symbols/WL-common.png,https://r2.videreproject.com/set-symbols/WL-common.png,2026-08-11T06:19:40.045Z,image/png,1653,0e0a692412e9c7ae7ddb485bd04781877da89dbd27d6f36dfc709ce1609aaeaa
set-symbols/WL-rare.png,https://r2.videreproject.com/set-symbols/WL-rare.png,2026-08-11T06:19:40.663Z,image/png,1938,2cdd8a8294a80cdab6cf0fc41a0603e68319b612b2a8fe3a9558a08f9d19e1b4
set-symbols/WL-uncommon.png,https://r2.videreproject.com/set-symbols/WL-uncommon.png,2026-08-11T06:19:41.206Z,image/png,1961,a981e04b4a6be06a46bc540ec3f3adb144ce2b0da0ae443d2acfe5a62c391cfd
set-symbols/WOC-common.png,https://r2.videreproject.com/set-symbols/WOC-common.png,2026-08-11T06:19:41.774Z,image/png,1261,5717bde01bd6ef9fc0158337dcaa266a3e0bf96dcb619e11948af90187736b64
set-symbols/WOC-mythic.png,https://r2.videreproject.com/set-symbols/WOC-mythic.png,2026-08-11T06:19:42.321Z,image/png,1457,12d330e8e776c1c7b027f5074f5155a16849f81f2d70282958f4f637c4d82afb
set-symbols/WOC-rare.png,https://r2.videreproject.com/set-symbols/WOC-rare.png,2026-08-11T06:19:42.889Z,image/png,1539,3efa1b23c2cad7bc63a50d8592de0bab1a499eda2ea95770c572fbc896015d24
set-symbols/WOC-uncommon.png,https://r2.videreproject.com/set-symbols/WOC-uncommon.png,2026-08-11T06:19:43.499Z,image/png,1521,8dc7162aaf8096c3ab54cbe58c8112f5d7a085ff44149f141c28ea55f951d9cd
set-symbols/WOE-common.png,https://r2.videreproject.com/set-symbols/WOE-common.png,2026-08-11T06:19:44.235Z,image/png,1700,95f643f1b87e0d0aa4f31f2424f5dab263a0b9ee35802cc400baa844544b144b
set-symbols/WOE-mythic.png,https://r2.videreproject.com/set-symbols/WOE-mythic.png,2026-08-11T06:19:44.917Z,image/png,2438,555841bb5755b97269ffb08df63abad1b4e47ac905657e13e526675a54bfdeee
set-symbols/WOE-rare.png,https://r2.videreproject.com/set-symbols/WOE-rare.png,2026-08-11T06:19:45.522Z,image/png,2590,660c2a6194969a1f78c0a77eb426dab3558810ef013a6ce32a4126aaa07cef01
set-symbols/WOE-uncommon.png,https://r2.videreproject.com/set-symbols/WOE-uncommon.png,2026-08-11T06:19:46.140Z,image/png,2603,3c9ea0fa9454e9e1364d8323c60128bdbe079fafe4013bfbba76b71efd4124ff
set-symbols/WOT-common.png,https://r2.videreproject.com/set-symbols/WOT-common.png,2026-08-11T06:19:46.724Z,image/png,1501,9c63c207c9dc0f682d055c9aac8048e1b45768bf93cf1b4d38ed8f9f163c72e4
set-symbols/WOT-mythic.png,https://r2.videreproject.com/set-symbols/WOT-mythic.png,2026-08-11T06:19:47.353Z,image/png,1623,0f2057ededef2793b3425250c40de3419d3c94f8c845fddd4b02ea93fbfc58da
set-symbols/WOT-rare.png,https://r2.videreproject.com/set-symbols/WOT-rare.png,2026-08-11T06:19:47.915Z,image/png,1714,cbafe36666dc920e492e1e8df589739a7d0385251577462a358cf87abb0ecc68
set-symbols/WOT-uncommon.png,https://r2.videreproject.com/set-symbols/WOT-uncommon.png,2026-08-11T06:19:48.579Z,image/png,1709,9f6cb09a19a1ef89bbcd8942d29cc9bf259fd09033554a46ae604bd320b293ce
set-symbols/WWK-common.png,https://r2.videreproject.com/set-symbols/WWK-common.png,2026-08-11T06:19:49.148Z,image/png,837,8405c24378e81c2b9bd17dbb06bafd1be21827625f867414156e3a209b93dbe7
set-symbols/WWK-mythic.png,https://r2.videreproject.com/set-symbols/WWK-mythic.png,2026-08-11T06:19:49.724Z,image/png,1156,f559ac205e8571b8901d3d27b59489b363fc0fb33cdd1fb7dac334372ee26659
set-symbols/WWK-rare.png,https://r2.videreproject.com/set-symbols/WWK-rare.png,2026-08-11T06:19:50.287Z,image/png,1042,a8ad87ab9674df75e67836d4ba66d7b9775f8198255d17ba2fd923db1c4400d6
set-symbols/WWK-uncommon.png,https://r2.videreproject.com/set-symbols/WWK-uncommon.png,2026-08-11T06:19:51.010Z,image/png,1052,0be838e0b73f1c54c5ef1ce91fdc40bb12ed19bd695b003bd5abb8f33ec52864
set-symbols/XLN-common.png,https://r2.videreproject.com/set-symbols/XLN-common.png,2026-08-11T06:19:51.783Z,image/png,16852,8ab31bc072835d0f693a33bddd48bd612cd29f9a7f1804fe5f10643e5a351434
set-symbols/XLN-mythic.png,https://r2.videreproject.com/set-symbols/XLN-mythic.png,2026-08-11T06:19:52.333Z,image/png,16061,6ca99cea0ed5e2ce18424f37bd20f7ceaedc598f5765d04f782cf26431c2200f
set-symbols/XLN-rare.png,https://r2.videreproject.com/set-symbols/XLN-rare.png,2026-08-11T06:19:52.920Z,image/png,16177,e31e38d7ddfb75514b8cda036927b2b8adc752ee30bca20f64d560338d3d52d3
set-symbols/XLN-uncommon.png,https://r2.videreproject.com/set-symbols/XLN-uncommon.png,2026-08-11T06:19:53.462Z,image/png,16197,75d7f487c55a7165412ac770caf414902e356bca694e6ed9ff20c4f1eb5d596e
set-symbols/ZEN-common.png,https://r2.videreproject.com/set-symbols/ZEN-common.png,2026-08-11T06:19:54.015Z,image/png,843,b2c08a85dba87e257119391a9d7dd097e4ca9e8ea64d5828109c82167984eeaf
set-symbols/ZEN-mythic.png,https://r2.videreproject.com/set-symbols/ZEN-mythic.png,2026-08-11T06:19:54.585Z,image/png,1146,4af00f3d4442879dd168612e5f28ebbf6a9a2e6ee5e9404efc80077893e6eb53
set-symbols/ZEN-rare.png,https://r2.videreproject.com/set-symbols/ZEN-rare.png,2026-08-11T06:19:55.229Z,image/png,1065,8f0887d659c284c43770a9624bd18ae5db00362cebbd3bff6ddd240b42b4a755
set-symbols/ZEN-uncommon.png,https://r2.videreproject.com/set-symbols/ZEN-uncommon.png,2026-08-11T06:19:55.808Z,image/png,1103,564a5b3cbce3742faf5bead69d541735c91913caddab637cde1ccb6e9cd716fa
set-symbols/ZNC-common.png,https://r2.videreproject.com/set-symbols/ZNC-common.png,2026-08-11T06:19:56.369Z,image/png,1121,8ed18bc59fcca59f123efcdbaf2ec77c0c5b58a25a0b96386eff924b9e3ea9c4
set-symbols/ZNC-mythic.png,https://r2.videreproject.com/set-symbols/ZNC-mythic.png,2026-08-11T06:19:57.071Z,image/png,1866,487048623b81fb25518cdaba6907e94d396a4f81939d26784a0c5405d8b98a31
set-symbols/ZNC-rare.png,https://r2.videreproject.com/set-symbols/ZNC-rare.png,2026-08-11T06:19:57.672Z,image/png,1929,841758e37c897af7fd6a2f3934357af16ebde5f5ca89a5b57a0e08c23ef491f5
set-symbols/ZNC-uncommon.png,https://r2.videreproject.com/set-symbols/ZNC-uncommon.png,2026-08-11T06:19:58.241Z,image/png,1973,2f49f4dd517a633577ec67f25c5cc10b5da410873c2a6784b230e164d4e94294
set-symbols/ZNE-common.png,https://r2.videreproject.com/set-symbols/ZNE-common.png,2026-08-11T06:19:58.875Z,image/png,759,1f02e9a9aa833cdb2366ed7b0f50b4ac4838ad6d90254808c74db34f5e487fda
set-symbols/ZNE-mythic.png,https://r2.videreproject.com/set-symbols/ZNE-mythic.png,2026-08-11T06:19:59.453Z,image/png,1095,a37c97d8e5d4006f4bbc87589d0127b39673823f7a88049253d94c31214f3ffe
set-symbols/ZNE-rare.png,https://r2.videreproject.com/set-symbols/ZNE-rare.png,2026-08-11T06:20:00.021Z,image/png,1166,4a2faeaa4d148897174ffe58b1ff45c4eabe35a1fdf4ef00103cefc842c769f4
set-symbols/ZNE-uncommon.png,https://r2.videreproject.com/set-symbols/ZNE-uncommon.png,2026-08-11T06:20:00.580Z,image/png,1176,92304be5db3421ad1cdf21d49bd662365da909ee76d9aa733dd49caf9ed45d50
set-symbols/ZNR-common.png,https://r2.videreproject.com/set-symbols/ZNR-common.png,2026-08-11T06:20:01.154Z,image/png,1070,fb3120c0711029128a77815a5266d94f1b1ff3746eaf1f627b74273bb89b3039
set-symbols/ZNR-mythic.png,https://r2.videreproject.com/set-symbols/ZNR-mythic.png,2026-08-11T06:20:01.719Z,image/png,1737,46e39582b93eab2969d69ba9b61802388a9e3aa75bcef379f55a3e6c66a63e21
set-symbols/ZNR-rare.png,https://r2.videreproject.com/set-symbols/ZNR-rare.png,2026-08-11T06:20:02.338Z,image/png,1824,50ab81863d6db9196b6b160e06733afbf7d824d130bd08ee0320a48ea4ebf354
set-symbols/ZNR-uncommon.png,https://r2.videreproject.com/set-symbols/ZNR-uncommon.png,2026-08-11T06:20:02.917Z,image/png,1822,0f86b7f89fd94c7df5b1beb93d56581fa85d78a9d704a59476c04aa0ff9f1e24
